slug,title,category,color,region,grape_variety,description,manufacturer,source_image,product_url,image_source,public_rating,serving_temperature,alcohol_pct,dishes
cantiani-cabernet-sauvignon,Cantiani Cabernet Sauvignon,Красное,Глубокий рубиновый,Дагестан,Каберне Совиньон,"Округлый, хорошо сбалансированный вкус с фруктово-пряными акцентами, мелкозернистыми танинами и стойким послевкусием. Аромат выразительный, с доминирующими оттенками вишни, черники, ежевики, пряностей и черного перца",Шато АЛВИСА,cantiani-cabernet-sauvignon.webp,https://vino-svoe.ru/wines/cantiani-cabernet-sauvignon,site,4.81,14-16°C,12,"[""Запеченные овощи"", ""Легкие закуски"", ""Мясное ассорти"", ""Мясо и стейки""]"
cantiani-merlot,Cantiani Merlot,Красное,Вишнево-рубиновый,Дагестан,Мерло,"Вкус интригует полным, бархатистым вкусом с фруктовым ядром, мелкозернистыми танинами и невероятно долгим послевкусием. Выразительный, щедрый аромат вина раскрывается оттенками вишни, ежевики, смородины, пряностей, подлеска и черного перца",Шато АЛВИСА,cantiani-merlot.webp,https://vino-svoe.ru/wines/cantiani-merlot,site,4.95,12-14°C,12,"[""BBQ"", ""Блюда из птицы"", ""Мясо и стейки"", ""Овощи гриль""]"
cantiani-saperavi-merlot,Cantiani Saperavi Merlot,Красное,Бордово-красный,Дагестан,"Мерло, Саперави","Гармоничное вино с сочной ягодно-фруктовой структурой, живой сбалансированной кислинкой и приятной танинной терпкостью. Аромат изобилует тонами спелых красных фруктов, вишни, черной смородины, фиалки и черного перца",Шато АЛВИСА,cantiani-saperavi-merlot.webp,https://vino-svoe.ru/wines/cantiani-saperavi-merlot,site,4.96,14-16°C,12,"[""Мясное ассорти"", ""Мясо и стейки"", ""Сыры""]"
golubitskoe-rose,Golubitskoe Rose,Розовое,Светло-розовое,Кубань,"Каберне Совиньон, Мерло, Пино Гриджио, Пино Нуар","Вино имеет светлый розовый цвет. У вина привлекательный ягодный аромат. Оттенки белых цветов и минералов создают красивое обрамление основным акцентам букета. Вино может похвастаться легким, сочным и живым вкусом с освежающей кислотностью и ярким, ягодным послевкусием.",Поместье Голубицкое,golubitskoe-rose.webp,https://vino-svoe.ru/wines/golubitskoe-rose,site,5,8–12°C,12,"[""BBQ"", ""Блюда из птицы"", ""Кавказская кухня"", ""Мясо и стейки"", ""Пицца""]"
kd-kokur,KD Кокур,Белое,Золотисто-соломенный,Северная Осетия — Алания,Кокур,"Аромат: соткан из цветочно-медовых нот (акация, луговые травы, липа) и фруктовых оттенков (айва, желтое яблоко, груша, абрикос).

Вкус: свежий и сбалансированный с характерной умеренной кислотностью.

Технология: ручной сбор, брожение в стали при контроле температуры 16-22°C, батонаж, выдержка на тонком осадке около 2 месяцев",Винодельня Константина Дзитоева,kd-kokur.webp,https://vino-svoe.ru/wines/kd-kokur,site,5,10-12°C,12,"[""Блюда из птицы"", ""Сыры""]"
locantita-sauvignon-blanc-chardonnay,Locantita Sauvignon Blanc-Chardonnay,Белое,Светло-соломенный,Крым,"Мцване, Пино Нуар, Рислинг, Совиньон Блан, Шардоне","Аромат с тонами тропических фруктов, спелой груши, цветочными и пряными нотами. Мягкий, объёмный вкус с освежающим финишем.",Alma Valley,locantita-sauvignon-blanc-chardonnay.webp,https://vino-svoe.ru/wines/locantita-sauvignon-blanc-chardonnay,site,4.83,10-12°C,11,"[""Блюда из птицы"", ""Блюда из рыбы"", ""Сыры""]"
viognier-special-reserve,Viognier special reserve,Белое,Светло-соломенный,Крым,Вионье,"Выдержка во французский дуб 18 мес. + бутылочная выдержка 12 мес.

Аромат спелого абрикоса, персика и белых цветов, дополненный тёплыми нотами ванили, мёда и сладкого миндаля от долгой выдержки во французском дубе.

Полнотелое белое вино с маслянистой кремовой текстурой и мягкой округлой кислотностью. Долгое послевкусие с оттенками апельсиновой цедры и марципана.",Kalos Limen,viognier-special-reserve.webp,https://vino-svoe.ru/wines/viognier-special-reserve,site,0,10-12°C,12,"[""Легкие закуски"", ""Салаты""]"
aligote-barrel-2024,"Алиготе Баррель, 2024",Белое,Золотистый,Крым,Алиготе,"Вино золотистого цвета с тонкой структурой, хорошей кислотностью, долго раскрывается в бокале. Первый нос почти невесомый, с ароматами свежего сена и меловой нотой. Со временем раскрывается, наполняясь ароматами цветущего фруктового сада, акации, переходя в спелый персик и абрикос. Комплексное, свежее вино с легкой минеральностью в послевкусии и хорошей структурой.",Коммуналка,aligote-barrel-2024.webp,https://vino-svoe.ru/wines/aligote-barrel-2024,site,5,10-12°C,12,"[""Блюда из птицы"", ""Блюда из рыбы"", ""Морепродукты""]"
glera-manno,Глера Манно,Белое,Соломенный,Кубань,Глера,"Вино демонстрирует яркий, свежий и элегантный профиль с гладкой, обволакивающей текстурой: в аромате доминируют сочные цитрусовые и косточковые фрукты, дополненные тонкими оттенками белых цветов, а во вкусе раскрываются ноты лимонной цедры и ароматной груши с деликатными кремовыми нюансами.",Мысхако,glera-manno.webp,https://vino-svoe.ru/wines/glera-manno,site,4.64,10-12°C,12,"[""Легкие закуски"", ""Морепродукты"", ""Салаты"", ""Сыры""]"
dva-brata-pet-nat-kokur-2024,"Два Брата Пет Нат Кокур, 2024",Белое,Золотистый,Крым,Кокур,"Аромат полевых цветов, свежескошенной травы с интеграцией тропических нот. Во вкусе раскрывается тропическими фруктами, нотами груши, айвы, персика, с высокой долей минеральности  и приятным покалыванием пузырьков",Винодельня Братьев Мельниковых,dva-brata-pet-nat-kokur-2024.webp,https://vino-svoe.ru/wines/dva-brata-pet-nat-kokur-2024,site,5,6-10°C,11,"[""Азиатская кухня"", ""Легкие закуски"", ""Салаты"", ""Устрицы""]"
karbon-glyu-2024,"Карбон Глю, 2024",Красное,Темно-фиолетовый,Крым,Сира,"Вино насыщенного темно-фиолетового цвета с яркой выраженной ягодной ароматикой, приятным мягким, почти незаметным танином и высокой кислотностью. Во вкусе вино раскрывается подбродившими черными и красными ягодами с еле различимыми нюансами специй",Коммуналка,karbon-glyu-2024.webp,https://vino-svoe.ru/wines/karbon-glyu-2024,site,5,16-18°C,12,"[""BBQ"", ""Блюда из птицы"", ""Мясо и стейки"", ""Паста"", ""Паштеты"", ""Пицца""]"
kokur-2025,"Кокур, 2025",Белое,Бледно-соломенный,Крым,Кокур,"Интенсивный, живой аромат наполнен оттенками спелых косточковых фруктов, цитрусов и зеленого яблока. Яркая кислотность, тона лимонных леденцов, морской воды и абрикоса в сочном послевкусии.",Винодельня Братьев Мельниковых,kokur-2025.webp,https://vino-svoe.ru/wines/kokur-2025,site,0,10-12°C,12,"[""Блюда из рыбы"", ""Морепродукты"", ""Сыры""]"
lebedushka,Лебедушка,Белое,Светло-золотистый,Крым,Шардоне,"В аромате ноты персика сорта «Белый лебедь», мягкие оттенки ванили и сливочного крема. Во вкусе спелый инжир с тонкими нотами миндальной косточки.",Le K2,lebedushka.webp,https://vino-svoe.ru/wines/lebedushka,site,4.5,10-12°C,12,"[""Азиатская кухня"", ""Блюда из птицы"", ""Морепродукты"", ""Сыры""]"
nebo-rossii-glera,Небо России Глера,Белое,Светло-соломенный,Крым,Глера,"В 2024 году рязанки Оксана Трунина и Юлия Машкова при поддержке винодельни Uva Vallis запустили авторскую линейку вин, посвящённую фестивалю воздухоплавания «Небо России». В 2025 году к ней добавилось игристое из глеры, сделанное вместе с Kalos Limen по методу ансестраль (петнат). «Небо России Глера» — третье вино проекта после Сира Розе и Совиньон Блан; оно задумано как ода свободе и лёгкости и отражает атмосферу августовского фестиваля, собирающего в Рязани тысячи гостей.

Особенности «Небо России Глера»: минимальное содержание сахара для изысканной лёгкости; длительная выдержка на осадке, дающая нежные ноты свежей выпечки; деликатный перляж, ассоциирующийся с россыпью аэростатов в синем небе. Каждая бутылка — воплощение мечты о полёте, созданное с любовью.",Kalos Limen,nebo-rossii-glera.webp,https://vino-svoe.ru/wines/nebo-rossii-glera,site,4.88,6-8°C,11,"[""Блюда из птицы"", ""Морепродукты"", ""Сыры""]"
pet-nat-sosedi-2024,"Пет Нат Соседи, 2024",Розовое,Светло-персиковый,Крым,Пино Нуар,"Вино жемчужное игристое светло-персикового цвета. Питкий и мягкий, со сбалансированной кислотностью и плотным муссом. Во вкусе открывается яркой фруктово-ягодной нотой и нежной кислинкой в послевкусии. Многогранный аромат с оттенками барбариса, монпансье и клубничного йогурта",Коммуналка,pet-nat-sosedi-2024.webp,https://vino-svoe.ru/wines/pet-nat-sosedi-2024,site,3,6-10°C,10,"[""Блюда из птицы"", ""Блюда из рыбы"", ""Легкие закуски"", ""Паста"", ""Паштеты"", ""Сыры""]"
pino-glyu-2025,"Пино Глю, 2025",Красное,Гранатовый,Крым,Пино Нуар,"Вкус свежий, выраженно фруктовый, с прохладным минеральным тоном, интригующей кислинкой северных ягод и длительным послевкусием. Ягодный аромат с доминирующим акцентом брусники, со временем переходящий в дикую вишню",Коммуналка,pino-glyu-2025.webp,https://vino-svoe.ru/wines/pino-glyu-2025,site,5,16-18°C,12,"[""Мясо и стейки""]"
pino-nuar-2025,"Пино Нуар, 2025",Розовое,Лососевый,Крым,Пино Нуар,В аромате спелое красное яблоко с нюансами грейпфрута и сладкого красного апельсина. Красные ягоды с нотами пряных трав на финише длительного послевкусия.,Винодельня Братьев Мельниковых,pino-nuar-2025.webp,https://vino-svoe.ru/wines/pino-nuar-2025,site,4,6-8°C,11,"[""Легкие закуски"", ""Морепродукты"", ""Салаты"", ""Сыры""]"
sosedi-aligote-shardone-2025,Соседи Алиготе/Шардоне 2025,Белое,Светло-лимонный,Крым,"Алиготе, Шардоне","Питкое, задорное вино с фруктово-цветочным профилем и пикантной живой кислинкой и сдержанным послевкусием. Аромат свежий, приятный, раскрывается оттенками спелого персика, садового яблока, груши дюшес и полевых цветов.",Коммуналка,sosedi-aligote-shardone-2025.webp,https://vino-svoe.ru/wines/sosedi-aligote-shardone-2025,site,4.75,8-12°C,11,"[""Блюда из птицы"", ""Запеченные овощи"", ""Легкие закуски"", ""Морепродукты"", ""Сыры""]"
