slug,title,category,color,region,grape_variety,description,manufacturer,source_image,product_url,image_source,public_rating,serving_temperature,alcohol_pct,dishes,reason
agora-yachting-cabernet-sauvignon,Agora Yachting Cabernet Sauvignon,Красное,"Насыщенный, плотный, бордовый",Крым,Каберне Совиньон,"Вкус приятный, насыщенный, с характерными оттенками черных ягод и продолжительным пряным послевкусием. Аромат богатый, с яркими нотами смородины, сафьяна, фиалки и черного перца. 

Сбор винограда происходит вручную с последующим охлаждением в специальных холодильных камерах для сохранения нюансов сортовых характеристик. Ферментация при контролируемой температуре с последующей выдержкой в дубовых бочках 12 и более месяцев.",AGORA WINERY,agora-yachting-cabernet-sauvignon.webp,https://vino-svoe.ru/wines/agora-yachting-cabernet-sauvignon,owner,0,18-20°C,13,"[""Мясо и стейки"", ""Сыры""]",shared_photo_name
agora-yachting-sauvignon,Agora Yachting Sauvignon,Белое,Светло-золотистый,Крым,Совиньон Блан,"Вкус округлый, сбалансированный с умеренной кислотностью и запоминающимся послевкусием. Аромат с цветочными и ванильными нотами, сменяющимися оттенками цитрусовой цедры.

Сбор винограда происходит вручную с последующим охлаждением в специальных холодильных камерах для сохранения нюансов сортовых характеристик. Ферментация при контролируемой температуре с последующей выдержкой в дубовых бочках 12 и более месяцев.",AGORA WINERY,agora-yachting-sauvignon.webp,https://vino-svoe.ru/wines/agora-yachting-sauvignon,owner,0,10-12°C,12,"[""Блюда из птицы"", ""Легкие закуски"", ""Рыба и морепродукты"", ""Салаты"", ""Сыры""]",shared_photo_name
cabernet-franc-pinot-noir-2021,Cabernet Franc-Pinot Noir 2021,Красное,светло-рубиновый,Крым,Каберне Фран,"В аромате черноплодная рябина, свежая клубника и вишня оттенены лакрицей, лавровым листом, красным сладким перцем, чили. Вкус ягодный.  Насыщенный ягодный морс в аккомпанементе черешни и спелой вишни. Сочное, ягодное, кислотное вино с легким телом",Vibes,cabernet-franc-pinot-noir-2021.webp,https://vino-svoe.ru/wines/cabernet-franc-pinot-noir-2021,owner,0,16–18°C,11,"[""Блюда из птицы"", ""Овощи гриль"", ""Паста"", ""Пицца""]",shared_photo_name
cabernet-franc-pinot-noir-2022,Cabernet Franc-Pinot Noir 2022,Красное,Насыщенно-рубиновый,Дальневосточная зона,Каберне Фран,"В аромате дикие северные ягоды, брусника, клюква, костянка, земляника, хвойно-травянистые ноты карельской сосны. Вкус вина обнимает теплой, бархатистой, слегка землисто-табачной текстурой, а мгновение спустя на языке ощущается энергичное брусничное послевкусие",Vibes,cabernet-franc-pinot-noir-2022.webp,https://vino-svoe.ru/wines/cabernet-franc-pinot-noir-2022,owner,4,16–18°C,12,"[""Блюда из птицы"", ""Паста"", ""Пицца""]",shared_photo_name
cantiani-cabernet-sauvignon-reserve-2024,"Cantiani Cabernet Sauvignon Reserve, 2024",Красное,Насыщенно-рубиновый,Дагестан,Каберне Совиньон,"Вино Cantiani Reserve проходит выдержку в бочках из благородного французского дуба в течение шести месяцев. За это время вино приобретает сложную структуру, развивает свои ароматические характеристики и достигает вершины вкуса. Вино становится многослойным, где фруктовые ноты переплетаются со «вторичными» (древесными) и «третичными» (при старении в бутылке) ароматами. Именно выдержанные в бочках вина чаще всего способны развиваться и в бутылке десятилетиями. Тираж 58 000 бутылок.

В букете выражены яркие сортовые оттенки винограда Каберне-Совиньон: черная смородина, фрукты: слива, ежевика, вишня, малина, а также древесные и пряные ноты. Вкус гармоничный, с легкой терпкостью и длительным бархатистым послевкусием",Шато АЛВИСА,cantiani-cabernet-sauvignon-reserve-2024.webp,https://vino-svoe.ru/wines/cantiani-cabernet-sauvignon-reserve-2024,owner,4.86,14-16°C,12,"[""BBQ"", ""Мясо и стейки"", ""Шоколад""]",owner_min_side_lt_200;site_min_side_lt_200
chateau-tamagne-select-blanc,"Chateau Tamagne Select Blanc 0,2 СВОЁ ВИНО",Белое,Соломенный,Кубань,"Совиньон Блан, Шардоне","Российские вина «Шато Тамань Селект» подходят для тех, кто любит экспериментировать и открывать для себя разнообразие отечественных вин. Дизайн этикетки выполнен в стиле супрематизма, который наиболее полно отражает концепцию данного вина, где суть проста и глубока от первого глотка и до последней капли. В бутылке вина главное – вино. Этикетка «Шато Тамань Селект» как будто говорит: «Самое важное внутри».

Вино с ЗГУ «Кубань. Таманский полуостров» сухое белое «Шато Тамань. Селект Блан» создано из винограда сорта Шардоне и Совиньон Белый. Имеет свежий, сортовой аромат на фоне минеральных нот. Вкус свежий и гармоничный. Лёгкое и гастрономичное вино станет отличным дополнением к любому поводу!",Кубань-Вино,chateau-tamagne-select-blanc.webp,https://vino-svoe.ru/wines/chateau-tamagne-select-blanc,owner,3.6,10–12°C,12,"[""Лёгкие закуски"", ""Сыры""]",owner_min_side_lt_200;site_min_side_lt_200
shato-pino-ice-wine-risling-risling-reynskiy-beloe-sladkoe-11,ICE Wine Рислинг,Белое,Медовый,Кубань,Рислинг Рейнский,"Вкус: Фруктово-цветочный. Фруктово-медовые ноты, с тонами персика, груши, белых цветов в аромате и вкусе.",Шато Пино,shato-pino-ice-wine-risling-risling-reynskiy-beloe-sladkoe-11.webp,https://vino-svoe.ru/wines/shato-pino-ice-wine-risling-risling-reynskiy-beloe-sladkoe-11,owner,5,16-18°C,11,"[""Выпечка и десерты"", ""Сыры""]",owner_min_side_lt_200;site_min_side_lt_200
inkerman-muskatnoe-beloe,Inkerman Мускатное белое,Белое,Светло-золотистый,Крым,"Мускат Янтарный, Ркацители","Аромат тонкий, с нотками экзотических цветов, персика и цитрона, вкус гармоничный, мягкий.",Инкерманский ЗМВ,inkerman-muskatnoe-beloe.webp,https://vino-svoe.ru/wines/inkerman-muskatnoe-beloe,owner,3,10-12°C,10,"[""Азиатская кухня"", ""Сыры""]",owner_min_side_lt_200;site_min_side_lt_200
inkerman-shato-ruzh,Inkerman Шато Руж,Красное,Красно-рубиновый,Крым,"Каберне Совиньон, Мерло, Пино Нуар","Аромат фруктовый с оттенками смородины и вишни, вкус гармоничный, ягодно-фруктовый, с умеренной свежестью и приятной терпкостью.",Инкерманский ЗМВ,inkerman-shato-ruzh.webp,https://vino-svoe.ru/wines/inkerman-shato-ruzh,owner,5,10-12°C,11,"[""Мясо и стейки"", ""Паста"", ""Пицца""]",owner_min_side_lt_200;site_min_side_lt_200
usadba-divnomorskoe-maris-blanc-de-noirs-extra-brut-pino-nuar-beloe-ekstra-bryut-105,Maris Blanc de Noirs Extra Brut,Белое,Светло-соломенный,Кубань,Пино Нуар,"Богатый, многослойный аромат: спелая слива, персик, бисквитное тесто, затем нотки сливочного масла, земляники, мармелада из лесных ягод. Вкус многогранный, с преобладанием масла, солёного крекера, цедры лимона, высокой кислотностью и лёгкой минеральностью.
Рекомендуется к морепродуктам, рыбе, устрицам, белому мясу в сливочном соусе и мягким сырам.",Усадьба Дивноморское,usadba-divnomorskoe-maris-blanc-de-noirs-extra-brut-pino-nuar-beloe-ekstra-bryut-105.webp,https://vino-svoe.ru/wines/usadba-divnomorskoe-maris-blanc-de-noirs-extra-brut-pino-nuar-beloe-ekstra-bryut-105,owner,5,6-8°C,10,"[""Морепродукты"", ""Устрицы"", ""Фастфуд""]",owner_min_side_lt_200;site_min_side_lt_200
usadba-divnomorskoe-merlot-merlo-krasnoe-suhoe-149,Merlot,Красное,Рубиновый с фиолетовым отливом,Кубань,Мерло,"Сложный аромат вишни, тутовника, чернослива с пряными акцентами. Вкус полный, округлый, гармоничный, с бархатистой текстурой, мягкими танинами и долгим сухим послевкусием с орехово-кофейными и перечными тонами.
Великолепно к блюдам из мяса, дичи, сырам средней степени зрелости, блюдам с трюфелями.",Усадьба Дивноморское,usadba-divnomorskoe-merlot-merlo-krasnoe-suhoe-149.webp,https://vino-svoe.ru/wines/usadba-divnomorskoe-merlot-merlo-krasnoe-suhoe-149,owner,0,16-18°C,14,"[""Мясо и стейки"", ""Сыры""]",owner_min_side_lt_200;site_min_side_lt_200
monte-garu-beloe-bryut,Monte Garu белое брют,Белое,Блестящий светло-соломенный цвет. В аромате вино раскрывается нотками косточковых фруктов и белых цветов. Вкус освежающий и сбалансированный.,Дагестан,"Первенец Магарача, Рислинг, Ркацители",Блестящий светло-соломенный цвет. В аромате вино раскрывается нотками косточковых фруктов и белых цветов. Вкус освежающий и сбалансированный.,Дербент Вино,monte-garu-beloe-bryut.webp,https://vino-svoe.ru/wines/monte-garu-beloe-bryut,owner,0,6–8°C,12,"[""Легкие закуски"", ""Рыба и морепродукты""]",owner_min_side_lt_200;site_min_side_lt_200
monte-garu-beloe-polusladkoe,Monte Garu белое полусладкое,Белое,Светло-соломенный,Дагестан,"Первенец Магарача, Рислинг, Ркацители",Блестящий светло-соломенный цвет. В аромате вино раскрывается нотками косточковых фруктов и белых цветов. Вкус освежающий и сбалансированный.,Дербент Вино,monte-garu-beloe-polusladkoe.webp,https://vino-svoe.ru/wines/monte-garu-beloe-polusladkoe,owner,3,8-10°C,12,"[""Азиатская кухня"", ""Рыба и морепродукты""]",owner_min_side_lt_200;site_min_side_lt_200
massandra-premium-sangiovese-sandzhoveze-krasnoe-suhoe-13,Premium Sangiovese,Красное,Рубиновый с гранатовым отливом,Крым,Санджовезе,"Аромат с нотами красных ягод — вишни, сливы — кожи и лёгкими пряными акцентами; вкус средней полноты, с живой кислотностью, элегантными танинами и длинным фруктово-пряным послевкусием. К томатным пастам, пицце, мясным блюдам, твёрдым итальянским сырам.",Массандра,massandra-premium-sangiovese-sandzhoveze-krasnoe-suhoe-13.webp,https://vino-svoe.ru/wines/massandra-premium-sangiovese-sandzhoveze-krasnoe-suhoe-13,owner,4,16-18°C,13,"[""Азиатская кухня"", ""Пицца""]",owner_min_side_lt_200;site_min_side_lt_200
usadba-divnomorskoe-rose-vione-rozovoe-suhoe-125,Rose,Розовое,Бледно-лососевый с оттенками лепестков роз,Кубань,"Вионье, Марселан, Сира","Нежный, деликатный аромат клубники, цветков граната, красной смородины и барбариса. Вкус изысканный и хорошо сбалансированный, освежающий с лёгким ягодным послевкусием.
Превосходный аперитив, сочетается с морепродуктами, белой рыбой, зелёными салатами, птицей, мягкими сырами.",Усадьба Дивноморское,usadba-divnomorskoe-rose-vione-rozovoe-suhoe-125.webp,https://vino-svoe.ru/wines/usadba-divnomorskoe-rose-vione-rozovoe-suhoe-125,owner,5,8-10°C,12,"[""Легкие закуски"", ""Рыба и морепродукты""]",owner_min_side_lt_200;site_min_side_lt_200
vibes-vermentino-viognier-barrel-fermented-2022,"Vibes, Vermentino-Viognier Barrel Fermented 2022",Белое,Светло-соломенный,Крым,Верментино,"В аромате присутствуют манго, папайя, киви, помело. Вкус гармоничный, свежий, с мягкой кислотностью. 

Ручной сбор, холодная мацерация, коферментация в новых французских бочках Cadus 225 л при низких температурах, выдержка на тонком осадке 12 месяцев, розлив в инертной среде. Частичное, спонтанное ЯМБ",Vibes,vibes-vermentino-viognier-barrel-fermented-2022.webp,https://vino-svoe.ru/wines/vibes-vermentino-viognier-barrel-fermented-2022,owner,5,8-10°C,12,"[""Паста"", ""Рыба и морепродукты"", ""Средиземноморская кухня""]",shared_photo_name
aratti-shardone-beloe-suhoe,АРАТТИ Шардоне белое сухое,Белое,Золотисто-соломенный,Кубань,Шардоне,"Яркий аромат леденцов, во вкусе зеленое яблочко и цитрусовая цедра, приятная
кислотность. Сочетания: Рыбка или нежирное мясо, запеченное под сливочным соусом.",АРАТТИ,aratti-shardone-beloe-suhoe.webp,https://vino-svoe.ru/wines/aratti-shardone-beloe-suhoe,owner,5,10-12°C,12,"[""Блюда из птицы"", ""Салаты"", ""Сыры""]",shared_photo_name
avtorskoe-risling,Авторское Рислинг,Белое,Светло-соломенный,Кубань,"Рислинг, Ркацители","Вкус вина чистый, свежий, энергичный, с яркой кислинкой, фруктовыми и травяными оттенками, мягкой текстурой и гармоничным послевкусием. Аромат вина наполнен оттенками белых цветов, лайма, яблока и меда. Вино блестящего соломенного цвета с золотистыми бликами.",Olymp Winery,avtorskoe-risling.webp,https://vino-svoe.ru/wines/avtorskoe-risling,owner,5,10-12°C,12,"[""Блюда из птицы"", ""Паста"", ""Пицца""]",owner_min_side_lt_200;site_min_side_lt_200
aligote-avtorskoe,Алиготе Авторское,Белое,Светло-соломенный,Крым,Алиготе,"Аромат раскрывается тонкой пряностью и свежими травянистыми нотками, уверенно проявляются оттенки зелёных яблок и полевых цветов.

Элегантный вкус с хорошей кислотностью, оттенками миндаля и деликатной горчинкой в послевкусии.

Виноград собирается вручную при сахаристости не менее 20%. После отделения гребней и охлаждения виноград направляется на прессование в пневматический процесс. Далее сусло-самотек и сусло первой фракции отправляется на брожение, которое длится при контролируемой температуре 15-20 дней. Определённые этапы производства протекают в инертной среде.",Массандра,aligote-avtorskoe.webp,https://vino-svoe.ru/wines/aligote-avtorskoe,owner,5,10-12°C,12,"[""Паста"", ""Рыба и морепродукты"", ""Сыры""]",shared_photo_name
aligote-barrel-2025,"Алиготе Баррель, 2025",Белое,Золотистый,Крым,Алиготе,"Вино золотистого цвета с тонкой структурой, хорошей кислотностью, долго раскрывается в бокале. Первый нос почти невесомый, с ароматами свежего сена и меловой нотой. Со временем раскрывается, наполняясь ароматами цветущего фруктового сада, акации, переходя в спелый персик и абрикос. Комплексное, свежее вино с легкой минеральностью в послевкусии и хорошей структурой.",Коммуналка,aligote-barrel-2025.webp,https://vino-svoe.ru/wines/aligote-barrel-2025,owner,5,10-12°C,12,"[""Блюда из рыбы"", ""Морепродукты"", ""Салаты""]",owner_min_side_lt_200;duplicate_site_content_hash
aligote-avtorskoe-vino,Алиготе. Авторское вино,Белое,Светло-соломенный,Крым,Алиготе,"Аромат раскрывается тонкой пряностью и свежими травянистыми нотками, уверенно проявляются оттенки зелёных яблок и полевых цветов.

Элегантный вкус с хорошей кислотностью, оттенками миндаля и деликатной горчинкой в послевкусии.

Виноград собирается вручную при сахаристости не менее 20%. После отделения гребней и охлаждения виноград направляется на прессование в пневматический процесс. Далее сусло-самотек и сусло первой фракции отправляется на брожение, которое длится при контролируемой температуре 15-20 дней. Определённые этапы производства протекают в инертной среде.

«Алиготе» Авторское вино выдерживается в течение 2-4 месяцев на тонком дрожжевом осадке в стальных емкостях, что придает ему утончённый органолептический профиль.",Массандра,aligote-avtorskoe-vino.webp,https://vino-svoe.ru/wines/aligote-avtorskoe-vino,owner,0,10-12°C,12,"[""Легкие закуски"", ""Рыба и морепродукты"", ""Сыры""]",shared_photo_name
kuban-vino-aristov-8-byanko-07-shardone-beloe-suhoe-8,Аристов 8 Бьянко 0.7,Белое,Вино светло-соломенного цвета.,Кубань,Шардоне,"Вино демонстрирует изысканный, легкий вкус с фруктово-цветочными оттенками и приятной кислинкой в сдержанном послевкусии.",Кубань-Вино,kuban-vino-aristov-8-byanko-07-shardone-beloe-suhoe-8.webp,https://vino-svoe.ru/wines/kuban-vino-aristov-8-byanko-07-shardone-beloe-suhoe-8,owner,5,8-10°C,8,"[""Блюда из птицы"", ""Легкие закуски"", ""Рыба и морепродукты""]",owner_min_side_lt_200;site_min_side_lt_200
kuban-vino-aristov-8-roze-07-merlo-rozovoe-suhoe-8,Аристов 8 Розе 0.7,Розовое,Вино розового цвета.,Кубань,Мерло,"Элегантный, чистый, легкий вкус вина раскрывается фруктово-цветочными оттенками и приятным послевкусием.",Кубань-Вино,kuban-vino-aristov-8-roze-07-merlo-rozovoe-suhoe-8.webp,https://vino-svoe.ru/wines/kuban-vino-aristov-8-roze-07-merlo-rozovoe-suhoe-8,owner,5,8-10°C,8,"[""Блюда из птицы"", ""Легкие закуски"", ""Рыба и морепродукты""]",owner_min_side_lt_200;site_min_side_lt_200
kuban-vino-aristov-verde-muskat-beloe-polusuhoe-11,Аристов Верде,Белое,Имеет светло-соломенный цвет с тонкими штрихами зеленого луга.,Кубань,Мускат,"Вкус питкий, чистый, мягкий, с освежающей кислинкой и сочным послевкусием с цветочными нюансами.",Кубань-Вино,kuban-vino-aristov-verde-muskat-beloe-polusuhoe-11.webp,https://vino-svoe.ru/wines/kuban-vino-aristov-verde-muskat-beloe-polusuhoe-11,owner,5,10-12°C,11,"[""Блюда из птицы"", ""Рыба и морепродукты""]",owner_min_side_lt_200;site_min_side_lt_200
kuban-vino-aristov-kaberne-sovinon-krasnoe-suhoe-13,Аристов Каберне Совиньон,Красное,Цвет вина колеблется от насыщенного красно-рубинового до темно-гранатового.,Кубань,Каберне Совиньон,"Вкус вина свежий, яркий, сочный, с мягкой кислотностью и насыщенным, долгим фруктово-ягодным послевкусием.",Кубань-Вино,kuban-vino-aristov-kaberne-sovinon-krasnoe-suhoe-13.webp,https://vino-svoe.ru/wines/kuban-vino-aristov-kaberne-sovinon-krasnoe-suhoe-13,owner,5,14-16°C,13,"[""Мясо и стейки"", ""Паста"", ""Сыры""]",owner_min_side_lt_200;site_min_side_lt_200
kuban-vino-aristov-kaberne-sovinon-roze-rozovoe-suhoe-12,Аристов Каберне Совиньон Розе,Розовое,Цвет вина меняется в бокале от бледно-розового до светло-малинового; с различной интенсивностью от центра к кайме.,Кубань,Каберне Совиньон,"Вкус вина свежий, легкий, с мягкой кислотностью и минеральным послевкусием.",Кубань-Вино,kuban-vino-aristov-kaberne-sovinon-roze-rozovoe-suhoe-12.webp,https://vino-svoe.ru/wines/kuban-vino-aristov-kaberne-sovinon-roze-rozovoe-suhoe-12,owner,5,14-16°C,12,"[""Мясо и стейки"", ""Паста"", ""Сыры""]",owner_min_side_lt_200;site_min_side_lt_200
kuban-vino-aristov-kaberne-sovinon-roze-2020-rozovoe-suhoe-12,Аристов Каберне Совиньон Розе 2020,Розовое,Имеет розово-малиновый цвет с более светлым ободом.,Кубань,Каберне Совиньон,"Демонстрирует питкий, легкий, мягкий, свежий вкус с фруктово-ягодными акцентами, живой кислинкой и сдержанным послевкусием.",Кубань-Вино,kuban-vino-aristov-kaberne-sovinon-roze-2020-rozovoe-suhoe-12.webp,https://vino-svoe.ru/wines/kuban-vino-aristov-kaberne-sovinon-roze-2020-rozovoe-suhoe-12,owner,0,14-16°C,12,"[""Мясо и стейки"", ""Паста"", ""Сыры""]",owner_min_side_lt_200;site_min_side_lt_200
kuban-vino-aristov-risling-beloe-suhoe-115,Аристов Рислинг,Белое,Цвет вина колеблется от светло-соломенного до светло-золотистого.,Кубань,Рислинг,"Вкус вина яркий, пикантный, освежающий, с повторяющими аромат фруктовыми и растительными оттенками, легкими минеральными нюансами и сочным послевкусием с бодрящей кислинкой.",Кубань-Вино,kuban-vino-aristov-risling-beloe-suhoe-115.webp,https://vino-svoe.ru/wines/kuban-vino-aristov-risling-beloe-suhoe-115,owner,5,12-14°C,11,"[""Блюда из птицы"", ""Легкие закуски"", ""Рыба и морепродукты""]",owner_min_side_lt_200;site_min_side_lt_200
vinodelnya-byurne-vione-beloe-suhoe-135,БЮРНЬЕ.ВИОНЬЕ сухое белое,Белое,Светло-соломенный,Кубань,Вионье,"Яркая фруктовая ароматика с нотами зелёного яблока, абрикоса и цитрусовых фруктов, а также с нюансами минеральности. Во вкусе вино с сочной освежающей кислотностью и продолжительным послевкусием цитрусовых фруктов, отлично сбалансированное.",Винодельня Бюрнье,vinodelnya-byurne-vione-beloe-suhoe-135.webp,https://vino-svoe.ru/wines/vinodelnya-byurne-vione-beloe-suhoe-135,owner,5,8-10°C,13,"[""Блюда из птицы"", ""Мясо и стейки"", ""Рыба и морепродукты"", ""Салаты"", ""Сыры""]",shared_photo_name
vinodelnya-byurne-byurne-pino-blan-beloe-suhoe-14,БЮРНЬЕ.ПИНО БЛАН сухое белое,Белое,Светло-лимонный,Кубань,Пино Блан,"Свежая, деликатная и нежная ароматика сладких белых цветов, персика и абрикоса, с нюансом сливочного крема. Во вкусе вино гармоничное и сбалансированное, с сочной кислотностью и продолжительным обволакивающим фруктовым послевкусием.",Винодельня Бюрнье,vinodelnya-byurne-byurne-pino-blan-beloe-suhoe-14.webp,https://vino-svoe.ru/wines/vinodelnya-byurne-byurne-pino-blan-beloe-suhoe-14,owner,0,8-10°C,13,"[""Легкие закуски"", ""Рыба и морепродукты"", ""Салаты""]",shared_photo_name
massandra-bastardo-bastardo-magarachskiy-krasnoe-sladkoe-16,Бастардо,Красное,Тёмно-рубиновый с фиолетовым оттенком,Крым,Бастардо Магарачский,"Аромат мускатный, интенсивный, с нотами чёрной смородины, вишни, сливы и шоколада; вкус тельное, округлое, с мягкими танинами, нотами вишневого конфитюра и долгим шоколадным послевкусием. Хорошо к шоколадным десертам, утке в ягодном соусе, мясным паштетам и зрелым сырам.",Массандра,massandra-bastardo-bastardo-magarachskiy-krasnoe-sladkoe-16.webp,https://vino-svoe.ru/wines/massandra-bastardo-bastardo-magarachskiy-krasnoe-sladkoe-16,owner,5,16-18°C,16,"[""Десерты"", ""Мороженое""]",owner_min_side_lt_200;site_min_side_lt_200
kuban-vino-vysokiy-bereg-merlo-krasnoe-suhoe-135,Высокий Берег Мерло,Красное,Вино полупрозрачного рубинового цвета.,Кубань,Мерло,"Мягкий, хорошо сбалансированный вкус вина завораживает округлыми танинами и красивой композицией из оттенков черных ягод, сладких специй и шоколада.",Кубань-Вино,kuban-vino-vysokiy-bereg-merlo-krasnoe-suhoe-135.webp,https://vino-svoe.ru/wines/kuban-vino-vysokiy-bereg-merlo-krasnoe-suhoe-135,owner,5,16-18°C,13,"[""Блюда из птицы"", ""Рыба и морепродукты""]",owner_min_side_lt_200;site_min_side_lt_200
kuban-vino-vysokiy-bereg-myuller-turgau-beloe-suhoe-13,Высокий Берег Мюллер-Тургау,Белое,Вино плотного желтого цвета с зеленоватым оттенком.,Кубань,Мюллер-Тургау,"Яркая кислотность является довольно неожиданной в мягком вкусе вина. Его букет пронизан оттенками яблока, абрикоса, ананаса и эстрагона, которые находятся в окружении тонких минеральных намеков.",Кубань-Вино,kuban-vino-vysokiy-bereg-myuller-turgau-beloe-suhoe-13.webp,https://vino-svoe.ru/wines/kuban-vino-vysokiy-bereg-myuller-turgau-beloe-suhoe-13,owner,0,10-12°C,13,"[""Блюда из птицы"", ""Рыба и морепродукты""]",owner_min_side_lt_200;site_min_side_lt_200
sober-bash-dostoynyy-krasnoe-suhoe-14,Достойный,Красное,Гранатовый,Кубань,Достойный,"В аромате тона пряностей и красных ягод. Во вкусе оттенки черёмухи, продолжительное послевкусие, умеренная кислотность и ощутимые танины.",Собер Баш,sober-bash-dostoynyy-krasnoe-suhoe-14.webp,https://vino-svoe.ru/wines/sober-bash-dostoynyy-krasnoe-suhoe-14,owner,0,10-12°C,14,"[""BBQ"", ""Мясное ассорти"", ""Паштеты"", ""Сыры""]",owner_min_side_lt_200;site_min_side_lt_200
zhemchuzhnaya-9-aligote-czitron,"Жемчужная 9 Алиготе, Цитрон",Белое,Светло-соломенный,Кубань,"Алиготе, Цитронный Магарача","Вкус и аромат: белая акация, лайм, зелёный чай. Утонченное и шелковистое, с деликатной горчинкой грейпфрута.
Сочетания: азиатские блюда, паровые мидии, козий сыр с травами.",АРАТТИ,zhemchuzhnaya-9-aligote-czitron.webp,https://vino-svoe.ru/wines/zhemchuzhnaya-9-aligote-czitron,owner,5,10-12°C,11,"[""Азиатская кухня"", ""Сыры""]",shared_photo_name
zhemchuzhnaya-9-czitron-shardone,"Жемчужная 9 Цитрон, Шардоне",Белое,Светло-соломенный,Кубань,"Цитронный Магарача, Шардоне","Белые фрукты, лимонная цедра, свежесрезанная трава. Яркое, с пикантной горчинкой в послевкусии — как солнечный день у моря.
Сочетания: морепродукты на гриле, равиолли с рикоттой, севиче.",АРАТТИ,zhemchuzhnaya-9-czitron-shardone.webp,https://vino-svoe.ru/wines/zhemchuzhnaya-9-czitron-shardone,owner,5,8-10°C,11,"[""Рыба и морепродукты"", ""Сыры""]",shared_photo_name
inkerman-shato-blan,Инкерман Шато Блан,Белое,Золотистый,Крым,Алиготе,"Вкус вина легкий, свежий, с ненавязчивой, гармоничной сладостью. Вино обладает тонким ароматом с оттенками белых цветов.",Инкерманский ЗМВ,inkerman-shato-blan.webp,https://vino-svoe.ru/wines/inkerman-shato-blan,owner,5,12-14°C,13,"[""Блюда из птицы"", ""Запеченные овощи"", ""Лёгкие закуски""]",owner_min_side_lt_200;site_min_side_lt_200
kuban-vino-kaberne-de-tamane-kaberne-sovinon-krasnoe-suhoe-125,Каберне де Тамань,Красное,Цвет вина колеблется от красно-рубинового до темно-гранатового.,Кубань,Каберне Совиньон,"Вино обладает богатым, насыщенным, свежим, чистым, гармоничным вкусом с характерными сортовыми оттенками.",Кубань-Вино,kuban-vino-kaberne-de-tamane-kaberne-sovinon-krasnoe-suhoe-125.webp,https://vino-svoe.ru/wines/kuban-vino-kaberne-de-tamane-kaberne-sovinon-krasnoe-suhoe-125,owner,5,14-16°C,12,"[""Мясо и стейки"", ""Паста"", ""Пицца"", ""Сыры""]",owner_min_side_lt_200;site_min_side_lt_200
massandra-kagor-yuzhnoberezhnyy-saperavi-krasnoe-sladkoe-16,Кагор Южнобережный,Красное,"Тёмно-гранатовый, густой",Крым,Саперави,"Аромат тёплый, насыщенный, с нотами чернослива, шоколада и дубовой пряности — результат выдержки в бочках свыше трёх лет; вкус гармоничный, полное, бархатистое, с нотами тёмных ягод, черносмородинового джема и ванили. К шоколадным десертам, куличам, зрелым сырам.",Массандра,massandra-kagor-yuzhnoberezhnyy-saperavi-krasnoe-sladkoe-16.webp,https://vino-svoe.ru/wines/massandra-kagor-yuzhnoberezhnyy-saperavi-krasnoe-sladkoe-16,owner,4,16-18°C,16,"[""Выпечка и десерты"", ""Десерты"", ""Мороженое""]",owner_min_side_lt_200;site_min_side_lt_200
massandra-kokur-desertnyy-surozh-beloe-sladkoe-16,Кокур десертный Сурож,Белое,Янтарно-золотистый с лёгким зеленоватым оттенком,Крым,Кокур,"Чистый аромат крымского автохтона — белые цветы, персик, ноты мёда и спелых косточковых фруктов; вкус богатый, сладкий, с нотами абрикоса, дюшеса и мёда, долгим послевкусием. К фруктовым десертам, пирогам с курагой, мягким сырам.",Массандра,massandra-kokur-desertnyy-surozh-beloe-sladkoe-16.webp,https://vino-svoe.ru/wines/massandra-kokur-desertnyy-surozh-beloe-sladkoe-16,owner,5,8-10°C,16,"[""Десерты"", ""Мороженое""]",owner_min_side_lt_200;site_min_side_lt_200
kuban-vino-krasnostop-de-tamane-krasnostop-anapskiy-krasnoe-suhoe-13,Красностоп де Тамань,Красное,Вино темно-рубинового цвета с гранатовым оттенком.,Кубань,Красностоп Анапский,"Вино обладает богатым, насыщенным, свежим вкусом с тонами черной смородины и чернослива.",Кубань-Вино,kuban-vino-krasnostop-de-tamane-krasnostop-anapskiy-krasnoe-suhoe-13.webp,https://vino-svoe.ru/wines/kuban-vino-krasnostop-de-tamane-krasnostop-anapskiy-krasnoe-suhoe-13,owner,5,14-16°C,13,"[""Мясо и стейки"", ""Паста"", ""Сыры""]",owner_min_side_lt_200;site_min_side_lt_200
massandra-lakrima-kristi-aleatiko-krasnoe-sladkoe-16,Лакрима Кристи,Красное,"Тёмно-рубиновый, густой",Крым,Алеатико,"Аромат насыщенный, ягодный — тёмные ягоды, шоколад, сухофрукты; вкус тельное, богатое, бархатистое, с мягкими танинами, нотами вишни и шоколадного конфитюра. К шоколадным десертам, зрелым сырам, утке и мясным паштетам.",Массандра,massandra-lakrima-kristi-aleatiko-krasnoe-sladkoe-16.webp,https://vino-svoe.ru/wines/massandra-lakrima-kristi-aleatiko-krasnoe-sladkoe-16,owner,5,16-18°C,16,"[""Десерты"", ""Мороженое""]",owner_min_side_lt_200;site_min_side_lt_200
massandra-massandra-heres-oreadna-aligote-beloe-suhoe-16,Массандра Херес Ореадна,Белое,"Янтарно-золотистый, прозрачный",Крым,"Алиготе, Альбильо, Кокур","Выдержка под хересным флором даёт пикантный аромат с тонами жареного миндаля и грибными нотками; последующая выдержка в бочках добавляет ароматы сушёных яблок и пряных трав. Многогранный вкус с деликатным сухим финишем, выраженной солоноватостью и минеральными нюансами. Аперитив; к суши, тунцу, курице под ореховым соусом.",Массандра,massandra-massandra-heres-oreadna-aligote-beloe-suhoe-16.webp,https://vino-svoe.ru/wines/massandra-massandra-heres-oreadna-aligote-beloe-suhoe-16,owner,5,8-10°C,16,"[""Легкие закуски"", ""Рыба и морепродукты"", ""Сыры""]",owner_min_side_lt_200;site_min_side_lt_200
merlo,Мерло,Красное,Рубиновый,Кубань,Мерло,"Аромат: переплетены яркие оттенки чёрных ягод: ежевики, шелковицы, кожи и специй, а также чернослива с легким «дымком».

Вкус: полнотелое, многослойное, со спелыми и упругими танинами, интегрированным дубом и богатой ягодной палитрой. Долгое послевкусие с нюансами ванили, чёрных ягод и благородного французского дуба. 

Особенность винификации

Ручной сбор. Двойная инспекция ягод. Деликатное гребнеотделение с получением целых ягод. Предферментационная мацерация в течение 6 дней при температуре 8 градусов Цельсия. Техника винификации — комбинация ремонтажа и деликатного переворачивания «шапки» специальной боковой мешалкой. Брожение в стальном винификаторе при температуре 30 градусов Цельсия — 7 дней, с последующей постферментационной мацерацией. Общая продолжительность скин-контакта — 22 дня. Полная малолактика. Выдержка в новых тонно объёмом 500 литров из французского дуба в течение 12 месяцев — 2/3 от общего объёма. Оставшиеся 1/3 от общего объёма 12 месяцев выдерживаются в новых барриках из французского дуба объёмом 225 литров. Ассамбляж. Кларификация. Стабилизация тартратов. Розлив с применением инертного газа и вакуумирования.",Галицкий и Галицкий,merlo.webp,https://vino-svoe.ru/wines/merlo,owner,5,16-18°C,14,"[""Морепродукты"", ""Мясное ассорти"", ""Салаты""]",shared_photo_name
merlo-1,Мерло,Красное,Светло-рубиновый красный,Кубань,Мерло,"Аромат: раскрываются тона свежей вишни и красных фруктов, зеленого болгарского перца с оттенками какао. 

Вкус: среднетелое и с приятной свежей кислотностью, молодыми танинами во вкусе, с оттенками черешни, шелковицы, кизила и терна в послевкусии.",Mantra Estate,merlo-1.webp,https://vino-svoe.ru/wines/merlo-1,owner,4.94,16-18°C,14,"[""BBQ"", ""Мясное ассорти"", ""Мясо и стейки""]",owner_min_side_lt_200;site_min_side_lt_200
soyuz-vino-mosavali-rkatsiteli-beloe-polusladkoe-11,Мосавали Ркацители,Белое,У вина светло-золотистый цвет.,Кубань,Ркацители,"Вкус вина отличается мягкостью, питкостью, свежестью и деликатной фруктовой сладостью, выраженной ноткой спелых яблок и медовыми нюансами, сохраняющимися и в округлом послевкусии.",Союз-Вино,soyuz-vino-mosavali-rkatsiteli-beloe-polusladkoe-11.webp,https://vino-svoe.ru/wines/soyuz-vino-mosavali-rkatsiteli-beloe-polusladkoe-11,owner,0,10-12°C,11,"[""Блюда из птицы"", ""Рыба и морепродукты""]",owner_min_side_lt_200;site_min_side_lt_200
soyuz-vino-mosavali-saperavi-polusladkoe-krasnoe-11,Мосавали Саперави Полусладкое,Красное,У вина яркий гранатово-красный цвет.,Кубань,Саперави,"Вино отличается питким, приятным, гармоничным вкусом с мягкими танинами, тонкой кислинкой лесных ягод и деликатной сладостью зрелых фруктов. Послевкусие продолжительное, с нюансами ванили, пикантными штрихами перца и легким дымным тоном.",Союз-Вино,soyuz-vino-mosavali-saperavi-polusladkoe-krasnoe-11.webp,https://vino-svoe.ru/wines/soyuz-vino-mosavali-saperavi-polusladkoe-krasnoe-11,owner,4,16-18°C,11,"[""Блюда из птицы"", ""Легкие закуски"", ""Рыба и морепродукты""]",owner_min_side_lt_200;site_min_side_lt_200
soyuz-vino-mosavali-saperavi-suhoe-krasnoe-11,Мосавали Саперави Сухое,Красное,Вино имеет темно-красный цвет.,Кубань,Саперави,"Питкий, сочный и насыщенный вкус вина отличается хорошей структурой и балансом, приятной танинной терпкостью и умеренной кислотностью. Во вкусовом аккорде солируют ноты черной смородины. Послевкусие долгое, сухое, с нюансами специй.",Союз-Вино,soyuz-vino-mosavali-saperavi-suhoe-krasnoe-11.webp,https://vino-svoe.ru/wines/soyuz-vino-mosavali-saperavi-suhoe-krasnoe-11,owner,0,16-18°C,11,"[""Мясо и стейки"", ""Паста"", ""Сыры""]",owner_min_side_lt_200;site_min_side_lt_200
massandra-muskat-belyy-krasnogo-kamnya-beloe-sladkoe-13,Мускат белый красного камня,Белое,Золотисто-янтарный с медовым отливом,Крым,Мускат,"Аромат насыщенный, цветочно-цитронный с нотами мёда, акации и спелых южных фруктов; вкус бархатистый, богатый, с исключительным балансом утончённой мускатной сладости и кислотности, длительным послевкусием. К выдержанным сырам, сырам с плесенью, фруктовым десертам, инжиру.",Массандра,massandra-muskat-belyy-krasnogo-kamnya-beloe-sladkoe-13.webp,https://vino-svoe.ru/wines/massandra-muskat-belyy-krasnogo-kamnya-beloe-sladkoe-13,owner,5,8-10°C,13,"[""Десерты"", ""Мороженое""]",owner_min_side_lt_200;site_min_side_lt_200
massandra-muskat-belyy-pozdnego-sbora-beloe-sladkoe-10,Мускат белый позднего сбора,Белое,Янтарно-золотистый,Крым,Мускат,"Аромат тёплый, с нотами пряностей, сухофруктов, чайной розы и мёда; вкус с великолепным балансом сладости и кислотности, необыкновенно лёгкий, с ароматами крымской осени. К десертам, свежим фруктам, мягким сырам.",Массандра,massandra-muskat-belyy-pozdnego-sbora-beloe-sladkoe-10.webp,https://vino-svoe.ru/wines/massandra-muskat-belyy-pozdnego-sbora-beloe-sladkoe-10,owner,5,8-10°C,10,"[""Десерты"", ""Мороженое""]",owner_min_side_lt_200;site_min_side_lt_200
muskat-pozdnego-sbora-rozovyj,Мускат позднего сбора розовый,Розовое,Нежно-розовое,Крым,Мускат Розовый,"«Мускат позднего сбора» розовое
Сладкое розовое вино ЗГУ Крым
Золото
Золото
5
Серебро
Серебро
4
Бронза
Бронза
5
Все награды
Сладкое вино из сорта Мускат розовый – легенда виноделия Южного берега Крыма. Вина из винограда, собранного в конце октября или начале ноября, создавались в «Алупке» и «Гурзуфе». Стилистика уникального вина была воссоздана в урожаях начиная с 2016 года на массандровской винодельне «Гурзуф».

Виноград собирают при высоком уровне сахаристости, в частично заизюмленном виде. Благодаря высокому содержанию сахара сусло получается тягучим, как мёд. Брожение осуществляется при низких температурах, что позволяет сохранить яркую ароматику, а для сохранения высокой остаточной сахаристости практикуется остановка брожения холодом.

Вино нежно-розового цвета с легким персиковым оттенком. В аромате сложная гамма цветочных и фруктовых тонов, цветущего розового сада. Во вкусе гармоничное, округлое, с оттенком варенья из лепестков розы, малинового конфитюра, спелых красных садовых ягод, деликатное послевкусие с нотами барбариса.

Виноград собирается вручную в частично подвяленном виде при сахаристости в ягоде не ниже 31%. Брожение осуществляется при низких температурах, что позволяет сохранить яркую ароматику. Остановка брожения осуществляется холодом для сохранения остаточной сахаристости.",Массандра,muskat-pozdnego-sbora-rozovyj.webp,https://vino-svoe.ru/wines/muskat-pozdnego-sbora-rozovyj,owner,5,8-10°C,9,"[""Выпечка и десерты"", ""Фрукты""]",owner_min_side_lt_200;site_min_side_lt_200
massandra-muskat-rozovyy-pozdnego-sbora-rozovoe-sladkoe-10,Мускат розовый позднего сбора,Розовое,"Янтарно-розовый, насыщенный",Крым,Мускат,"Аромат тёплый, с нотами розы, персика, мёда и лёгкой пряности; вкус с великолепным балансом сладости и кислотности, необыкновенно лёгкий, с ароматами крымской осени. К фруктовым десертам, свежим ягодам, мягким сырам.",Массандра,massandra-muskat-rozovyy-pozdnego-sbora-rozovoe-sladkoe-10.webp,https://vino-svoe.ru/wines/massandra-muskat-rozovyy-pozdnego-sbora-rozovoe-sladkoe-10,owner,5,8-10°C,10,"[""Выпечка и десерты"", ""Десерты""]",owner_min_side_lt_200;site_min_side_lt_200
massandra-muskatel-belyy-belye-sorta-vinograda-beloe-sladkoe-16,Мускатель белый,Белое,"Янтарно-золотистый, прозрачный",Крым,Белые сорта винограда,"Аромат мускатный, цветочный с нотами акации, мёда и персика; вкус сладкий, гармоничный, с богатой мускатной ароматикой и долгим медово-цветочным послевкусием. К фруктовым десертам, выпечке, мягким сырам.",Массандра,massandra-muskatel-belyy-belye-sorta-vinograda-beloe-sladkoe-16.webp,https://vino-svoe.ru/wines/massandra-muskatel-belyy-belye-sorta-vinograda-beloe-sladkoe-16,owner,5,8-10°C,16,"[""Десерты"", ""Мороженое""]",owner_min_side_lt_200;site_min_side_lt_200
massandra-muskatel-chernyy-krasnye-sorta-vinograda-krasnoe-sladkoe-16,Мускатель черный,Красное,Тёмно-рубиновый,Крым,Красные сорта винограда,"Аромат интенсивный: мускатные тона в сочетании с оттенками спелых красных фруктов; многогранный — вишня, слива, чернослив, кофе и шоколад; вкус бархатистый, с тонами тёмного шоколада, кофейно-лакричными нотами и лёгким послевкусием сушёного чернослива. К утке в ягодном соусе, шоколадным десертам, выдержанным сырам.",Массандра,massandra-muskatel-chernyy-krasnye-sorta-vinograda-krasnoe-sladkoe-16.webp,https://vino-svoe.ru/wines/massandra-muskatel-chernyy-krasnye-sorta-vinograda-krasnoe-sladkoe-16,owner,4.83,16-18°C,16,"[""Десерты"", ""Мороженое""]",owner_min_side_lt_200;site_min_side_lt_200
novyj-svet-vyderzhannoe-bryut,Новый Свет выдержанное брют,Белое,Светло-соломенный,Крым,Шардоне,"Виноград, рожденный на меловых почвах предгорной зоны западного Крыма, в долине рек Альма и Кача, собирается вручную в прохладные утренние часы и тщательно сортируется. При производстве используется сок только первого отжима — «кюве». Вино выдерживается на осадке не менее 12 месяцев в тоннелях конца XIX века при постоянной температуре +14С. Технологические операции: перекладка, ремюаж — проводятся вручную.

Вино светло-соломенного цвета с лимонными отблесками. Окутывает ароматом луговых весенних цветов. Во вкусе груша, персик и яблоко. Нежное минеральное послевкусие.

Сорта винограда: Шардоне, Рислинг, Пино Нуар, Пино Гри",Новый Свет. Дом шампанских вин,novyj-svet-vyderzhannoe-bryut.webp,https://vino-svoe.ru/wines/novyj-svet-vyderzhannoe-bryut,owner,0,8-10°C,10,"[""Паста"", ""Рыба и морепродукты"", ""Сыры""]",shared_photo_name
novyj-svet-polusladkoe,Новый Свет полусладкое,Белое,Светло-золотистый,Крым,Шардоне,"Вино выдерживается на осадке в бутылке не менее 12 месяцев в горных тоннелях при постоянной температуре +14С. При производстве используется сок только первого отжима — «кюве». Технологические операции: перекладка, ремюаж — проводятся вручную. Сорт винограда: Шардоне, Рислинг, Пино Нуар, Пино Блан, Алиготе, Кокур белый, Совиньон*

*в описании приведены основные сорта винограда, состав которых не менее 85%, уточненный состав на контрэтикетке продукции.

Вино светло-золотистого цвета, с устойчивым муссом и долгой игрой перляжа. Богатый аромат с нотами цветущего подсолнечника и меда. Во вкусе ананас, манго. В послевкусие ванильные тона.",Новый Свет. Дом шампанских вин,novyj-svet-polusladkoe.webp,https://vino-svoe.ru/wines/novyj-svet-polusladkoe,owner,0,8-10°C,10,"[""Выпечка и десерты"", ""Фрукты""]",shared_photo_name
le-k2-pino-nuar-pi-krasnoe-suhoe-133,Пино нуар Пи,Красное,Гранатовый,Крым,Пино Нуар,"В аромате малина, брусника, вишневый конфитюр, корица, гвоздика, кориандр, шоколадные и дымные ноты, лавровый лист. Во вкусе высокая кислотность, танины средние, бархатистые, тело среднее, послевкусие длительное.",Le K2,le-k2-pino-nuar-pi-krasnoe-suhoe-133.webp,https://vino-svoe.ru/wines/le-k2-pino-nuar-pi-krasnoe-suhoe-133,owner,5,16-18°C,13,"[""BBQ"", ""Мясное ассорти"", ""Паштеты"", ""Сыры""]",owner_min_side_lt_200;site_min_side_lt_200
massandra-portveyn-belyy-alushta-belye-sorta-vinograda-beloe-sladkoe-17,Портвейн белый Алушта,Белое,"Золотистый, янтарный",Крым,Белые сорта винограда,"Аромат тёплый, с нотами сухофруктов, ванили и лёгкой пряности; вкус гармоничный, с ореховыми оттенками и приятной сладостью. Хорошо к фруктовым десертам, орехам, мягким сырам.",Массандра,massandra-portveyn-belyy-alushta-belye-sorta-vinograda-beloe-sladkoe-17.webp,https://vino-svoe.ru/wines/massandra-portveyn-belyy-alushta-belye-sorta-vinograda-beloe-sladkoe-17,owner,5,8-10°C,17,"[""Десерты"", ""Мороженое""]",owner_min_side_lt_200;site_min_side_lt_200
massandra-portveyn-krasnyy-alushta-krasnye-sorta-vinograda-krasnoe-sladkoe-17,Портвейн красный Алушта,Красное,Тёмно-рубиновый с коричневатым оттенком,Крым,Красные сорта винограда,"Аромат тёплый, с нотами тёмных ягод, вишни, шоколада и пряностей от выдержки в дубе; вкус богатый, тельное, с мягкими танинами и долгим тёплым послевкусием. К красному мясу, выдержанным сырам, тёмному шоколаду.",Массандра,massandra-portveyn-krasnyy-alushta-krasnye-sorta-vinograda-krasnoe-sladkoe-17.webp,https://vino-svoe.ru/wines/massandra-portveyn-krasnyy-alushta-krasnye-sorta-vinograda-krasnoe-sladkoe-17,owner,5,16-18°C,17,"[""Выпечка и десерты"", ""Десерты""]",owner_min_side_lt_200;site_min_side_lt_200
esse-prirodno-polusladkoe-beloe-risling-125,Природно Полусладкое белое,Белое,Золотисто-соломенный,Крым,Рислинг,"Вкус: Груша, айва, дыня, бархатистая кислотность. Ноты дыни, меда, полевых цветов.",ESSE,esse-prirodno-polusladkoe-beloe-risling-125.webp,https://vino-svoe.ru/wines/esse-prirodno-polusladkoe-beloe-risling-125,owner,5,12-14°C,12,"[""Выпечка и десерты"", ""Сыры"", ""Фрукты""]",owner_min_side_lt_200;site_min_side_lt_200
esse-prirodno-polusladkoe-krasnoe-merlo-13,Природно Полусладкое красное,Красное,Насыщенный рубиновый,Крым,Мерло,"Вкус: Яркий, ягодный. С плавной кислотностью и оттенками черного шоколада. Спелый кизил, вишня, смородиновый джем.",ESSE,esse-prirodno-polusladkoe-krasnoe-merlo-13.webp,https://vino-svoe.ru/wines/esse-prirodno-polusladkoe-krasnoe-merlo-13,owner,0,16-18°C,13,"[""Мясо и стейки"", ""Сыры""]",owner_min_side_lt_200;site_min_side_lt_200
rebo-rezerv,Ребо резерв,Красное,Плотный гранатовый,Крым,Ребо,"Вкус гармоничный, сбалансированный, бархатистый. Аромат утонченный, элегантный. Черешневый ягодный тон с кондитерскими специями.

Ручной сбор. Брожение при умеренных температурах для выражения яркого фруктового стиля. Яблочно-молочное брожение. Выдержка в новом французском дубе 14 месяцев.",Cellar Master,rebo-rezerv.webp,https://vino-svoe.ru/wines/rebo-rezerv,owner,0,16-18°C,12,"[""Мясо и стейки"", ""Сыры""]",shared_photo_name
novyy-svet-dom-shampanskih-vin-rossiyskoe-shampanskoe-kollektsionnoe-polusuhoe-rozovoe-novyy-svet-pino-nuar-125,Российское шампанское коллекционное полусухое розовое «Новый Свет. Пино Нуар»,Розовое,"Нежно-розовый, лососевый",Крым,Пино Нуар,"Аромат деликатный — ноты лесных ягод, малины, розового персика; вкус ягодный, изысканный, с нотками клубники, сушеной малины, миндаля и лесных орехов, умеренной сладостью и долгим минеральным послевкусием. Хорошо к лёгким десертам, фруктам, мягким сырам.",Новый Свет. Дом шампанских вин,novyy-svet-dom-shampanskih-vin-rossiyskoe-shampanskoe-kollektsionnoe-polusuhoe-rozovoe-novyy-svet-pino-nuar-125.webp,https://vino-svoe.ru/wines/novyy-svet-dom-shampanskih-vin-rossiyskoe-shampanskoe-kollektsionnoe-polusuhoe-rozovoe-novyy-svet-pino-nuar-125,owner,5,6-8°C,12,"[""Легкие закуски"", ""Рыба и морепродукты"", ""Сыры""]",owner_min_side_lt_200;site_min_side_lt_200
sand-zh-oveze-rezerv,Санджовезе резерв,Красное,"Рубиновый, насыщенный",Крым,Санджовезе,"Вкус чувственный, с благородными оттенками длительной выдержки. Аромат глубокий, выразительный. Черные лесные ягоды с тонкими нотками выдержки в дубовой бочке.

Ручной сбор. Брожение при умеренных температурах для выражения яркого фруктового стиля. Яблочно-молочное брожение. Выдержка в новом венгерском дубе 14 месяцев.",Cellar Master,sand-zh-oveze-rezerv.webp,https://vino-svoe.ru/wines/sand-zh-oveze-rezerv,owner,0,16-18°C,12,"[""Выпечка и десерты"", ""Мясо и стейки""]",shared_photo_name
kuban-vino-saperavi-de-tamane-krasnoe-suhoe-125,Саперави де Тамань,Красное,Цвет вина варьируется от рубинового до темно-гранатового.,Кубань,Саперави,"Вино обладает чистым, свежим, гармоничным, сочным вкусом с нотами черной смородины, специй и шоколада, характерными сырно-молочными тонами, приятной кислинкой и продолжительным послевкусием.",Кубань-Вино,kuban-vino-saperavi-de-tamane-krasnoe-suhoe-125.webp,https://vino-svoe.ru/wines/kuban-vino-saperavi-de-tamane-krasnoe-suhoe-125,owner,4,14-16°C,12,"[""Блюда из птицы"", ""Легкие закуски"", ""Рыба и морепродукты""]",owner_min_side_lt_200;site_min_side_lt_200
vinodelnya-vedernikov-sibirkovyy-beloe-suhoe-11,Сибирьковый,Белое,Светло-соломенный,Долина Дона,Сибирьковый,"В аромате тона цветов акации, лайма, зеленого яблока, тропических фруктов, с легкими сливочными нюансами и яркой минеральностью. Вкус насыщенный, свежий, с нотами зеленого яблока, скошенной травы, минеральными тонами и легкой грейпфрутовой горчинкой. В послевкусии нюансы цукатов и грейпфрута.",Ведерниковъ,vinodelnya-vedernikov-sibirkovyy-beloe-suhoe-11.webp,https://vino-svoe.ru/wines/vinodelnya-vedernikov-sibirkovyy-beloe-suhoe-11,owner,5,10-12°C,11,"[""Морепродукты"", ""Салаты""]",owner_min_side_lt_200;site_min_side_lt_200
kuban-vino-flyor-dyu-syud-roze-de-tamane-traminer-rozovyy-rozovoe-suhoe-125,Флёр дю Сюд Розе де Тамань,Розовое,Вино светло-розового цвета с малиново-брусничными бликами.,Кубань,"Каберне Совиньон, Траминер Розовый","Вино демонстрирует мягкий, сбалансированный, гармоничный, свежий вкус с оттенками лесных ягод, цветов, цитрусовых фруктов и сливочной карамели, плавно переходящими в длительное послевкусие.",Кубань-Вино,kuban-vino-flyor-dyu-syud-roze-de-tamane-traminer-rozovyy-rozovoe-suhoe-125.webp,https://vino-svoe.ru/wines/kuban-vino-flyor-dyu-syud-roze-de-tamane-traminer-rozovyy-rozovoe-suhoe-125,owner,5,8-10°C,12,"[""Блюда из птицы"", ""Рыба и морепродукты""]",owner_min_side_lt_200;site_min_side_lt_200
kuban-vino-flyor-dyu-syud-ruzh-de-tamane-rubin-golodrigi-krasnoe-suhoe-12,Флёр дю Сюд Руж де Тамань,Красное,Вино темно-красного цвета с гранатово-рубиновыми оттенками.,Кубань,"Красностоп Анапский, Рубин Голодриги","Вино привлекает округлым, бархатистым вкусом с фруктово-цветочными оттенками и мягким послевкусием.",Кубань-Вино,kuban-vino-flyor-dyu-syud-ruzh-de-tamane-rubin-golodrigi-krasnoe-suhoe-12.webp,https://vino-svoe.ru/wines/kuban-vino-flyor-dyu-syud-ruzh-de-tamane-rubin-golodrigi-krasnoe-suhoe-12,owner,0,14-16°C,12,"[""Мясо и стейки"", ""Паста"", ""Сыры""]",owner_min_side_lt_200;site_min_side_lt_200
shardone-balaklava,Шардоне Балаклава,Белое,Светло-соломенный,Крым,Шардоне,"Вкус освежающий, с высокой кислотностью и ощутимой минеральностью. Аромат деликатный и тонкий, с преобладанием зеленого яблока, груши Дюшес, цитрусовых, с вкраплениями нот выпечки и цветущей акации.",Золотая Балка,shardone-balaklava.webp,https://vino-svoe.ru/wines/shardone-balaklava,owner,0,8-10°C,12,"[""Легкие закуски"", ""Рыба и морепродукты"", ""Устрицы""]",shared_photo_name
vinodelnya-myshako-shardone-myshako-grand-rezerv-beloe-suhoe-125,Шардоне Мысхако Гранд Резерв,Белое,Соломенно-золотистый,Кубань,Шардоне,"Вкус: Структурный, маслянистый, с хорошим долгим послевкусием. Цветы, цитрусы.",Мысхако,vinodelnya-myshako-shardone-myshako-grand-rezerv-beloe-suhoe-125.webp,https://vino-svoe.ru/wines/vinodelnya-myshako-shardone-myshako-grand-rezerv-beloe-suhoe-125,owner,,,,,owner_min_side_lt_200;not_in_site_json
kuban-vino-shato-tamane-aligote-beloe-suhoe-13,Шато Тамань Алиготе,Белое,Вино блестящего соломенного цвета.,Кубань,Алиготе,"Вкус вина свежий, понятный, сочный, гармоничный, легкий, со сбалансированной кислотностью и освежающим послевкусием.",Кубань-Вино,kuban-vino-shato-tamane-aligote-beloe-suhoe-13.webp,https://vino-svoe.ru/wines/kuban-vino-shato-tamane-aligote-beloe-suhoe-13,owner,5,12-14°C,13,"[""Блюда из птицы"", ""Легкие закуски"", ""Рыба и морепродукты""]",owner_min_side_lt_200;site_min_side_lt_200
kuban-vino-shato-tamane-delikeyt-roze-2024-bianka-rozovoe-suhoe-95,Шато Тамань Деликейт Розе 2024,Розовое,Имеет розово-лососевый цвет.,Кубань,"Бианка, Каберне Совиньон, Шардоне","Привлекает мягким, чистым, освежающим вкусом с ягодно-цитрусовой сердцевиной и пикантной кислинкой в сдержанном послевкусии.",Кубань-Вино,kuban-vino-shato-tamane-delikeyt-roze-2024-bianka-rozovoe-suhoe-95.webp,https://vino-svoe.ru/wines/kuban-vino-shato-tamane-delikeyt-roze-2024-bianka-rozovoe-suhoe-95,owner,0,10-12°C,9,"[""Блюда из птицы"", ""Рыба и морепродукты""]",owner_min_side_lt_200;site_min_side_lt_200
kuban-vino-shato-tamane-rezerv-kaberne-limited-edishn-2015-kaberne-sovinon-krasnoe-suhoe-13,Шато Тамань Резерв Каберне Лимитед Эдишн 2015,Красное,Насыщенный красно-гранатовый цвет.,Кубань,Каберне Совиньон,"Насыщенный, округлый, мягкий и хорошо сбалансированный вкус с бархатистыми танинами, нотами черной смородины, ежевики и чернослива, выразительной кислотностью и длительным послевкусием с оттенками специй.",Кубань-Вино,kuban-vino-shato-tamane-rezerv-kaberne-limited-edishn-2015-kaberne-sovinon-krasnoe-suhoe-13.webp,https://vino-svoe.ru/wines/kuban-vino-shato-tamane-rezerv-kaberne-limited-edishn-2015-kaberne-sovinon-krasnoe-suhoe-13,owner,0,16-18°C,13,"[""Мясо и стейки"", ""Паста"", ""Пицца"", ""Сыры""]",owner_min_side_lt_200;site_min_side_lt_200
kuban-vino-shato-tamane-rezerv-kaberne-limited-edishn-2022-kaberne-sovinon-krasnoe-suhoe-14,Шато Тамань Резерв Каберне Лимитед Эдишн 2022,Красное,Вино глубокого рубиново-красного цвета.,Кубань,Каберне Совиньон,"Вкус вина насыщенный, экстрактивный, сбалансированный, с прочной структурой, нотами черных ягод, спелых фруктов, дуба и длительным, стойким послевкусием.",Кубань-Вино,kuban-vino-shato-tamane-rezerv-kaberne-limited-edishn-2022-kaberne-sovinon-krasnoe-suhoe-14.webp,https://vino-svoe.ru/wines/kuban-vino-shato-tamane-rezerv-kaberne-limited-edishn-2022-kaberne-sovinon-krasnoe-suhoe-14,owner,0,16-18°C,14,"[""Мясо и стейки"", ""Паста"", ""Пицца"", ""Сыры""]",owner_min_side_lt_200;site_min_side_lt_200
kuban-vino-shato-tamane-rezerv-kollekshn-saperavi-2015-krasnoe-suhoe-13,Шато Тамань Резерв Коллекшн Саперави 2015,Красное,Цвет — глубокий рубиновый.,Кубань,Саперави,"Полный, комплексный, глубокий вкус характеризуется приятной ягодной терпкостью, хорошо интегрированными древесными тонами, сбалансированной кислотностью и долгим, развитым послевкусием.",Кубань-Вино,kuban-vino-shato-tamane-rezerv-kollekshn-saperavi-2015-krasnoe-suhoe-13.webp,https://vino-svoe.ru/wines/kuban-vino-shato-tamane-rezerv-kollekshn-saperavi-2015-krasnoe-suhoe-13,owner,5,14-16°C,13,"[""Мясо и стейки"", ""Паста"", ""Пицца"", ""Сыры""]",owner_min_side_lt_200;site_min_side_lt_200
kuban-vino-shato-tamane-rezerv-krasnostop-krasnostop-anapskiy-krasnoe-suhoe-135,Шато Тамань Резерв Красностоп,Красное,Вино демонстрирует глубокий рубиновый цвет с гранатовыми бликами.,Кубань,Красностоп Анапский,"Вино обладает приятным, бархатистым вкусом с оттенками черной смородины, чернослива и пряностей, хорошо сбалансированной кислотностью и долгим послевкусием.",Кубань-Вино,kuban-vino-shato-tamane-rezerv-krasnostop-krasnostop-anapskiy-krasnoe-suhoe-135.webp,https://vino-svoe.ru/wines/kuban-vino-shato-tamane-rezerv-krasnostop-krasnostop-anapskiy-krasnoe-suhoe-135,owner,4.6,14-16°C,13,"[""Мясо и стейки"", ""Паста"", ""Пицца"", ""Сыры""]",owner_min_side_lt_200;site_min_side_lt_200
kuban-vino-shato-tamane-rezerv-merlo-limited-edishn-2018-krasnoe-suhoe-125,Шато Тамань Резерв Мерло Лимитед Эдишн 2018,Красное,Цвет вина варьируется от красного до рубиново-красного.,Кубань,Мерло,"Вкус вина мягкий, сложный, с округлыми сладкими танинами, бархатистой текстурой и продолжительным, приятным послевкусием.",Кубань-Вино,kuban-vino-shato-tamane-rezerv-merlo-limited-edishn-2018-krasnoe-suhoe-125.webp,https://vino-svoe.ru/wines/kuban-vino-shato-tamane-rezerv-merlo-limited-edishn-2018-krasnoe-suhoe-125,owner,5,16-18°C,12,"[""Блюда из птицы"", ""Легкие закуски"", ""Рыба и морепродукты""]",owner_min_side_lt_200;site_min_side_lt_200
kuban-vino-shato-tamane-rezerv-premer-ruzh-kaberne-sovinon-krasnoe-suhoe-13,Шато Тамань Резерв Премьер Руж,Красное,Вино темно-красного цвета с гранатовым отливом и рубиновыми искрами.,Кубань,"Каберне Совиньон, Мерло, Саперави","Вино обладает насыщенным, бархатистым вкусом с приятной терпкостью, сладкими гармоничными танинами и долгим послевкусием.",Кубань-Вино,kuban-vino-shato-tamane-rezerv-premer-ruzh-kaberne-sovinon-krasnoe-suhoe-13.webp,https://vino-svoe.ru/wines/kuban-vino-shato-tamane-rezerv-premer-ruzh-kaberne-sovinon-krasnoe-suhoe-13,owner,5,14-16°C,13,"[""Мясо и стейки"", ""Паста"", ""Пицца"", ""Сыры""]",owner_min_side_lt_200;site_min_side_lt_200
kuban-vino-shato-tamane-rezerv-red-blend-kaberne-sovinon-krasnoe-suhoe-125,Шато Тамань Резерв Ред Бленд,Красное,У вина глубокий рубиново-гранатовый цвет.,Кубань,"Каберне Совиньон, Красностоп Анапский","Вино демонстрирует богатый, округлый, щедрый вкус с шелковистой текстурой, фруктово-пряными акцентами, хорошо интегрированными танинами и продолжительным послевкусием.",Кубань-Вино,kuban-vino-shato-tamane-rezerv-red-blend-kaberne-sovinon-krasnoe-suhoe-125.webp,https://vino-svoe.ru/wines/kuban-vino-shato-tamane-rezerv-red-blend-kaberne-sovinon-krasnoe-suhoe-125,owner,0,14-16°C,12,"[""Мясо и стейки"", ""Паста"", ""Пицца"", ""Сыры""]",owner_min_side_lt_200;site_min_side_lt_200
kuban-vino-shato-tamane-rkatsiteli-myuller-turgau-shardone-2025-beloe-suhoe-12,Шато Тамань Ркацители-Мюллер Тургау-Шардоне 2025,Белое,Вино блестящего соломенно-желтого цвета.,Кубань,"Мюллер-Тургау, Ркацители, Шардоне","Вкус вина чистый, гармоничный, легкий, но при этом интенсивный, с бодрящей кислотностью и свежим послевкусием средней продолжительности.",Кубань-Вино,kuban-vino-shato-tamane-rkatsiteli-myuller-turgau-shardone-2025-beloe-suhoe-12.webp,https://vino-svoe.ru/wines/kuban-vino-shato-tamane-rkatsiteli-myuller-turgau-shardone-2025-beloe-suhoe-12,owner,3.5,10-12°C,12,"[""Блюда из птицы"", ""Легкие закуски"", ""Рыба и морепродукты""]",owner_min_side_lt_200;site_min_side_lt_200
kuban-vino-shato-tamane-ruzh-2023-tsvaygelt-krasnoe-suhoe-12,Шато Тамань Руж 2023,Красное,Вино глубокого красного цвета с благородными рубиновыми бликами.,Кубань,"Саперави, Цвайгельт","Вино обладает округлым и насыщенным вкусом, в котором тона чернослива и вяленой вишни гармонично сочетаются с мягкими танинами и фруктовой кислотностью, создавая сбалансированное и приятное послевкусие.",Кубань-Вино,kuban-vino-shato-tamane-ruzh-2023-tsvaygelt-krasnoe-suhoe-12.webp,https://vino-svoe.ru/wines/kuban-vino-shato-tamane-ruzh-2023-tsvaygelt-krasnoe-suhoe-12,owner,5,14-16°C,12,"[""Блюда из птицы"", ""Легкие закуски"", ""Рыба и морепродукты""]",owner_min_side_lt_200;site_min_side_lt_200
kuban-vino-shato-tamane-selekt-ruzh-saperavi-krasnoe-suhoe-125,Шато Тамань Селект Руж,Красное,Вино глубокого красного цвета с благородными рубиновыми отсветами.,Кубань,"Каберне Совиньон, Саперави","В сочном, округлом, насыщенном, свежем вкусе вина ощущаются оттенки чернослива и вяленой вишни. Хорошо структурированные, мягкие танины составляют гармоничное сочетание с фруктовой кислотностью.",Кубань-Вино,kuban-vino-shato-tamane-selekt-ruzh-saperavi-krasnoe-suhoe-125.webp,https://vino-svoe.ru/wines/kuban-vino-shato-tamane-selekt-ruzh-saperavi-krasnoe-suhoe-125,owner,5,15-17°C,12,"[""Блюда из птицы"", ""Рыба и морепродукты""]",owner_min_side_lt_200;site_min_side_lt_200
kuban-vino-shato-tamane-shardone-beloe-suhoe-12,Шато Тамань Шардоне,Белое,Вино соломенного цвета.,Кубань,Шардоне,"Вкус вина свежий, легкий, гармоничный, со сбалансированной кислотностью и освежающим послевкусием.",Кубань-Вино,kuban-vino-shato-tamane-shardone-beloe-suhoe-12.webp,https://vino-svoe.ru/wines/kuban-vino-shato-tamane-shardone-beloe-suhoe-12,owner,3,12-14°C,12,"[""Мясо и стейки"", ""Паста"", ""Пицца"", ""Сыры""]",owner_min_side_lt_200;site_min_side_lt_200
soyuz-vino-sheremetevskie-pogreba-beloe-polusladkoe-belye-sorta-vinograda-11,Шереметьевские Погреба Белое Полусладкое,Белое,Вино блестящего золотистого цвета.,Кубань,Белые сорта винограда,"Простой, легкий вкус вина демонстрирует приятную сладость и нежную кислинку. Освежающее послевкусие наполнено нотками садовых фруктов и цветочного нектара.",Союз-Вино,soyuz-vino-sheremetevskie-pogreba-beloe-polusladkoe-belye-sorta-vinograda-11.webp,https://vino-svoe.ru/wines/soyuz-vino-sheremetevskie-pogreba-beloe-polusladkoe-belye-sorta-vinograda-11,owner,0,14-16°C,11,"[""Мясо и стейки"", ""Паста"", ""Сыры"", ""Фастфуд""]",owner_min_side_lt_200;site_min_side_lt_200
soyuz-vino-sheremetevskie-pogreba-kaberne-sovinon-krasnoe-suhoe-11,Шереметьевские Погреба Каберне Совиньон,Красное,Вино насыщенного; яркого рубинового цвета.,Кубань,Каберне Совиньон,"Приятный, мягкий, сбалансированный вкус вина обладает характерными фруктово-ягодными тонами. Послевкусие теплое, пряное, немного терпкое.",Союз-Вино,soyuz-vino-sheremetevskie-pogreba-kaberne-sovinon-krasnoe-suhoe-11.webp,https://vino-svoe.ru/wines/soyuz-vino-sheremetevskie-pogreba-kaberne-sovinon-krasnoe-suhoe-11,owner,0,14-16°C,11,"[""Мясо и стейки"", ""Паста"", ""Сыры"", ""Фастфуд""]",owner_min_side_lt_200;site_min_side_lt_200
soyuz-vino-sheremetevskie-pogreba-krasnoe-polusladkoe-krasnye-sorta-vinograda-11,Шереметьевские Погреба Красное Полусладкое,Красное,Вино насыщенного рубинового цвета.,Кубань,Красные сорта винограда,"Приятный, мягкий вкус вина демонстрирует восхитительные тона сладких зрелых ягод. Терпкость практически отсутствует в послевкусии, оставляя легкий намек ароматной груши.",Союз-Вино,soyuz-vino-sheremetevskie-pogreba-krasnoe-polusladkoe-krasnye-sorta-vinograda-11.webp,https://vino-svoe.ru/wines/soyuz-vino-sheremetevskie-pogreba-krasnoe-polusladkoe-krasnye-sorta-vinograda-11,owner,0,16-18°C,11,"[""Мясо и стейки"", ""Паста"", ""Сыры"", ""Фастфуд""]",owner_min_side_lt_200;site_min_side_lt_200
soyuz-vino-sheremetevskie-pogreba-shardone-beloe-suhoe-11,Шереметьевские Погреба Шардоне,Белое,Вино соломенного цвета с зеленоватым оттенком.,Кубань,Шардоне,"Мягкий, нежный, гармоничный вкус вина обладает свежей кислотностью и цветочно-фруктовым послевкусием.",Союз-Вино,soyuz-vino-sheremetevskie-pogreba-shardone-beloe-suhoe-11.webp,https://vino-svoe.ru/wines/soyuz-vino-sheremetevskie-pogreba-shardone-beloe-suhoe-11,owner,0,12-14°C,11,"[""Блюда из птицы"", ""Рыба и морепродукты""]",owner_min_side_lt_200;site_min_side_lt_200
blanc-de-blancs-idolo,Blanc de Blancs Idolo,Белое,Светло-соломенный,Крым,Августин,"Премиальные игристые вина Idolo  — это сочетание классического метода и передовых технологий производства Olymp Winery. Каждая бутылка — результат вдохновения талантливого энолога-шампаниста Ильи Волошина. Его мастерство воплощает элегантность, роскошь и исключительное качество в каждом глотке.",Olymp Winery,,,,,,,,missing_owner_file
method-classic-kokur,Method Classic Кокур,Белое,Светло-золотистый,Крым,Кокур,"Аромат спелых крымских персиков, груши дюшес и бриоши. Во вкусе тропические фрукты, ноты спелой айвы со сливочным красивым финишем",Винодельня Братьев Мельниковых,,,,,,,,missing_owner_file
vibes-silvaner-2022,"VIBES, Silvaner 2022",Белое,Светло-соломенный,Крым,Сильванер,"В аромате груши, зеленые яблоки, персики. Спелость в аромате гармонично сочетается с нежным сливочным йогуртом, создавая бархатистую игру ароматов. Вкус гармоничный, со свежей кислотностью.  Стройное, строгое, плотное, с маслянистой текстурой и сочным послевкусием.",Vibes,,,,,,,,missing_owner_file
vibes-silvaner-barrel-fermented-2022,"VIBES, Silvaner Barrel Fermented 2022",Белое,Светло-соломенный,Крым,Сильванер,"В аромате спелые яблоки, сочная айва, зрелая желтая груша, медовые соты. Вкус гармоничный, свежий, с мягкой кислотностью. 

Спелые яблоки, сочная айва, зрелая желтая груша, медовые соты, цветки апельсина и бурбонская ваниль. Объемное вино с хорошей кислотностью. Во вкусе напоминает яблочный пирог на хрустящем тесте.

Ручной сбор, холодная мацерация, ферментация в новых французских бочках Omega Radoux 225 л при низких температурах, выдержка на тонком осадке 9 месяцев, розлив в инертной среде.",Vibes,,,,,,,,missing_owner_file
silvaner-pet-nat-2022,"VIBES, Silvaner Pet-Nat 2022",Белое,Золотистый,Крым,Сильванер,"Аромат нежный с оттенками лайма, грейпфрута и лимонной цедры. Вкус гармоничный, свежий, с хрустящей кислотностью. Цветущий зеленый луг, степные цветы и травы, тонкий аромат лайма, грейпфрута и лимонной цедры",Vibes,,,,,,,,missing_owner_file
abrau-dyurso-victor-dravigny-brut-shardone-beloe-bryut-12,Victor Dravigny. Brut,Белое,Золотистый,Кубань,"Пино Блан, Рислинг, Шардоне","В аромате белые цветы, персики, абрикосы, груши, тона бриоши и сливочного масла. Вкус фруктовый, с тонкой минеральной горчинкой в послевкусии.",Абрау-Дюрсо,,,,,,,,missing_owner_file
abrau-dyurso-victor-dravigny-koshernoe-bryut-shardone-beloe-125,Victor Dravigny. Кошерное брют,Белое,Золотистый,Кубань,"Пино Блан, Рислинг, Шардоне","В аромате белые цветы, персики, абрикосы, груши. тона бриоши, сливочного масла. Вкус фруктовый, приятный и полный, с тонкой минеральной горчинкой в послевкусии.",Абрау-Дюрсо,,,,,,,,missing_owner_file
abrau-dyurso-abrau-kupazh-svetlyy-suhoe-shardone-beloe-125,Абрау Купаж светлый сухое,Белое,Светло-соломенный,Кубань,"Августин, Рислинг, Уньи блан, Шардоне",В аромате ноты крыжовника в сочетании с белыми цветами. Во вкусе ноты алычи и тропические фрукты.,Абрау-Дюрсо,,,,,,,,missing_owner_file
abrau-dyurso-abrau-kupazh-tyomnyy-suhoe-kaberne-sovinon-krasnoe-13,Абрау Купаж тёмный сухое,Красное,Рубиновый,Кубань,"Каберне Совиньон, Мерло",В аромате ноты свежих ягод и вишневого джема с оттенками специй. Вкус сбалансированный с нюансами пряностей и долгим послевкусием.,Абрау-Дюрсо,,,,,,,,missing_owner_file
beloe-polusladkoe,Белое полусладкое,Белое,Светло-соломенный,Крым,,"У вина приятный, сдержанный аромат с нотами спелых косточковых фруктов, дополненными деликатными медовыми и растительными нюансами.",Массандра,,,,,,,,missing_owner_file
soyuz-vino-gloriya-de-luna-byanko-sekko-shardone-beloe-suhoe-11,Глория де Луна Бьянко Секко,Белое,У вина светлый соломенно-желтый цвет.,Кубань,"Совиньон Блан, Шардоне","Вино обладает свежим, питким, гармоничным, фруктовым вкусом с живой цитрусовой кислинкой и сухим, приятным послевкусием.",Союз-Вино,,,,,,,,missing_owner_file
soyuz-vino-gloriya-de-luna-byanko-semidolche-shardone-beloe-polusladkoe-11,Глория де Луна Бьянко Семидольче,Белое,Вино светло-соломенного цвета.,Кубань,"Совиньон Блан, Шардоне","Вкус вина мягкий, питкий, сладковатый, фруктовый, сбалансированный, благодаря тонкой кислинке, с деликатным, нежным послевкусием.",Союз-Вино,,,,,,,,missing_owner_file
soyuz-vino-gloriya-de-luna-rosso-sekko-kaberne-sovinon-krasnoe-suhoe-11,Глория де Луна Россо Секко,Красное,Вино демонстрирует красно-рубиновый цвет.,Кубань,"Каберне Совиньон, Мерло","У вина свежий, питкий, гладкий, фруктовый вкус с хорошим балансом кислотности и танинности, приятным, сухим послевкусием с легкой ягодной кислинкой.",Союз-Вино,,,,,,,,missing_owner_file
soyuz-vino-gloriya-de-luna-rosso-semidolche-kaberne-sovinon-krasnoe-polusladkoe-11,Глория де Луна Россо Семидольче,Красное,Вино рубиново-красного цвета.,Кубань,"Каберне Совиньон, Мерло","Вино отличается мягким, гармоничным, приятным вкусом с тонами спелых красных фруктов и ягод. Послевкусие нежное, сладковатое.",Союз-Вино,,,,,,,,missing_owner_file
zhemchuzhnaya-9-merlo-kaberne-sovinon,"Жемчужная 9 Мерло, Каберне Совиньон",Красное,Темно-рубиновый,Кубань,"Каберне Совиньон, Мерло","Глубокий аромат черной вишни, сливы, черного перца и лёгкая пряность. Полное тело, мощный алкоголь, насыщенный вкус",АРАТТИ,,,,,,,,missing_owner_file
zb-vajn-vajt-suhoe-beloe,ЗБ вайн ВАЙТ сухое белое,Белое,Светло-соломенный,Крым,Ркацители,"Аромат спелых желтых фруктов: персика, яблока, абрикоса, айвы и груши со шлейфом из упоительных нот белой акации и флердоранжа. Вкус мягкий с тонким лаймово-медовым послевкусием.",Золотая Балка,,,,,,,,missing_owner_file
zb-vajn-moskato-polusladkoe-beloe,ЗБ вайн МОСКАТО полусладкое белое,Белое,Золотистый,Крым,Мускат,"Благородный мускатный аромат с тонкими фруктовыми оттенками абрикоса и персика и изящной нотой лепестков чайной розы. Насыщенный, узнаваемый мускатный, элегантный, ненавязчиво сладкий.",Золотая Балка,,,,,,,,missing_owner_file
zb-vajn-moskato-polusladkoe-rozovoe,ЗБ вайн МОСКАТО полусладкое розовое,Розовое,розовый,Крым,Мускат,Яркий аромат свежего винограда и клубники в сочетании со сливочными полутонами и нежным шлейфом лепестков розы. Сочный и яркий вкус с природной ненавязчивой сладостью и богатой палитрой мускатных тонов.,Золотая Балка,,,,,,,,missing_owner_file
zb-vajn-risling-polusuhoe-beloe,ЗБ вайн РИСЛИНГ Полусухое белое,Белое,Светло-соломенный,Крым,Рислинг,"Отличается утонченным ароматом белых цветов, абрикоса и нектарина, а также цитрусовых с легкой минеральной нотой. Нежный вкус с хорошей освежающей кислотностью и тонким минеральным послевкусием.",Золотая Балка,,,,,,,,missing_owner_file
zb-vajn-roze-suhoe-rozovoe,ЗБ вайн РОЗЕ сухое розовое,Розовое,Нежно-розовый,Крым,Мерло,"В аромате ягодные ноты, оттенки спелой клубники и земляники, барбариса и кизила, и нежность лепестков роз, и легкая
 сливочность. Вкус и аромат переходят в послевкусие с ягодной россыпью и тонами цитрусовых",Золотая Балка,,,,,,,,missing_owner_file
zb-vajn-spumante-bryut-beloe,ЗБ вайн СПУМАНТЕ Брют белое,Белое,соломенный,Крым,Алиготе,"Изысканный букет цитрусовых, с легким нюансом аромата весенних цветов и белых фруктов. Элегантный, деликатный вкус с хорошо сбалансированной кислотностью.",Золотая Балка,,,,,,,,missing_owner_file
zb-vajn-spumante-bryut-rozovoe,ЗБ вайн СПУМАНТЕ Брют розовое,Розовое,Нежно-розовый,Крым,Алиготе,"В аромате преобладают нежные ягодные тона малины и клубники, с вкраплениями фруктов — крымского персика и нектарина, а также цитрусовых — грейпфрута и помело. Нежный и легкий с приятным долгим послевкусием.",Золотая Балка,,,,,,,,missing_owner_file
zb-vajn-spumante-polusuhoe-beloe,ЗБ вайн СПУМАНТЕ Полусухое белое,Белое,лимонный,Крым,Алиготе,"Роскошный букет степных цветов-медоносов с нотками спелого персика и груши. Яркий, хорошо сбалансированный с преобладанием оттенков спелых белых фруктов и ненавязчивой сладостью.",Золотая Балка,,,,,,,,missing_owner_file
soyuz-vino-zelyonaya-dolina-kaberne-merlo-v-banke-kaberne-sovinon-krasnoe-polusladkoe-12,Зелёная Долина Каберне-Мерло в банке,Красное,Цвет вина варьируется от красного до темно-бордового с рубиновым оттенком.,Кубань,"Каберне Совиньон, Мерло","Вкус вина сбалансированный, питкий, с умеренной сладостью, нотами вишни, малины, ежевики и сливы, приятной терпкостью и долгим, сочным послевкусием.",Союз-Вино,,,,,,,,missing_owner_file
soyuz-vino-zelyonaya-dolina-pino-blan-v-banke-beloe-polusladkoe-115,Зелёная Долина Пино Блан в банке,Белое,Светло-желтый цвет с легкими золотистыми бликами.,Кубань,Пино Блан,"Вкус яркий, выразительный, с доминирующими яблочными оттенками и тонкими медовыми нюансами. Послевкусие сбалансированное и приятное.",Союз-Вино,,,,,,,,missing_owner_file
soyuz-vino-zelyonaya-dolina-pino-nuar-v-banke-krasnoe-suhoe-12,Зелёная Долина Пино Нуар в банке,Красное,Цвет вина варьируется от красного до темно-рубинового.,Кубань,Пино Нуар,"У вина яркий, сбалансированный, питкий вкус с нотами красных ягод и фруктов, пряностей и подлеска, деликатными танинами и легкой терпкостью в послевкусии.",Союз-Вино,,,,,,,,missing_owner_file
soyuz-vino-zelyonaya-dolina-shardone-v-banke-beloe-suhoe-12,Зелёная Долина Шардоне в банке,Белое,Цвет вина — светло-соломенный; с привлекательным золотистым блеском.,Кубань,Шардоне,"Вкус вина легкий, питкий, освежающий, с нотками спелого яблока и косточковых фруктов (абрикос, персик), бодрящей кислотностью и приятным, сухим послевкусием средней длины.",Союз-Вино,,,,,,,,missing_owner_file
igristoe-zhemchuzhnoe-vino-polusuhoe-krasnoe-di-kaspiko-fiori-di-mare-di-caspico-fiori-di-mare,"Игристое жемчужное вино полусухое красное ""Ди Каспико Фиори ди Маре"" (Di Caspico Fiori di Mare)",Красное,Ягодно-красный,Дагестан,,"Di Caspico Fiori di Mare — яркое жемчужное вино с сочным ягодным характером и морской свежестью, созданное для живых эмоций и лёгких, непринуждённых моментов.
В бокале — выразительный ягодно-красный цвет, подчёркивающий насыщенность и молодость вина. Аромат сбалансированный, с нотками свежих ягод и тонкими сладкими нюансами, создающими ощущение спелого летнего сада у моря.
Во вкусе — яркая свежесть, приятная кислотность и лёгкая игристая структура, переходящая в деликатное, освежающее послевкусие.
Di Caspico Fiori di Mare — идеальный выбор для дружеских встреч, пикников и тех случаев, когда хочется добавить в день немного моря, ягод и свободы.",Дербент Вино,,,,,,,,missing_owner_file
soyuz-vino-izola-del-sole-beloe-v-banke-shardone-suhoe-11,Изола дель Соле Белое в банке,Белое,Вино имеет светло-соломенный цвет.,Кубань,"Рислинг Рейнский, Шардоне","Легкий, освежающий вкус с нотами цитрусовых, особенно лайма, и меда и идеально сбалансированной кислотностью.",Союз-Вино,,,,,,,,missing_owner_file
soyuz-vino-izola-del-sole-roze-v-banke-krasnostop-rozovoe-suhoe-11,Изола дель Соле Розе в банке,Розовое,Вино имеет ярко-розовый цвет.,Кубань,"Красностоп, Шардоне","Вкус освежающий, яркий плодово-ягодный, с тонами яблок, тонкими нотами клюквы и брусники.",Союз-Вино,,,,,,,,missing_owner_file
soyuz-vino-kartuli-supris-saperavi-krasnoe-polusladkoe-11,Картули Суприс Саперави,Красное,Вино темно-красного цвета с фиолетовыми отблесками.,Кубань,Саперави,"У вина питкий, теплый, умеренно терпкий и приятно сладкий вкус с насыщенными фруктово-ягодными тонами, мягкими танинами, умеренной кислотностью и деликатными пряными нюансами в послевкусии.",Союз-Вино,,,,,,,,missing_owner_file
soyuz-vino-kartuli-supris-saperavi-suhoe-krasnoe-11,Картули Суприс Саперави Сухое,Красное,Вино имеет темный пурпурно-красный цвет.,Кубань,Саперави,"Вкус вина легкий, питкий, свежий, с приятно терпкими тонами черной смородины, спелой вишни, ванили и дуба, округлыми танинами, живой кислинкой и сухим послевкусием средней длины.",Союз-Вино,,,,,,,,missing_owner_file
soyuz-vino-kartuli-supris-shereuli-saperavi-krasnoe-polusladkoe-11,Картули Суприс Шереули,Красное,У вина глубокий рубиново-красный цвет.,Кубань,"Каберне Совиньон, Саперави","Вкус вина мягкий, легкий, приятный, с хорошо сбалансированной фруктовой сладостью, округлыми танинами, умеренной кислотностью и сочными оттенками темной сливы в послевкусии.",Союз-Вино,,,,,,,,missing_owner_file
kokur-suhoe-2025,"Кокур Сухое, 2025",Белое,Бледно-соломенный,Крым,Кокур,"Аромат интенсивный, живой аромат наполнен оттенками спелых косточковых фруктов, цитрусов и зеленого яблока. Во вкусе яркая кислотность, тона лимонных леденцов, морской воды и абрикоса в сочном послевкусии.",Винодельня Братьев Мельниковых,,,,,,,,missing_owner_file
soyuz-vino-kubanskoe-traditsionnoe-beloe-polusladkoe-belye-sorta-vinograda-11,Кубанское Традиционное Белое Полусладкое,Белое,Вино золотисто-соломенного цвета с ярким блеском.,Кубань,Белые сорта винограда,"Вкус вина сбалансированный, свежий, легкий, с фруктово-ягодными оттенками и приятной сладостью.",Союз-Вино,,,,,,,,missing_owner_file
soyuz-vino-kubanskoe-traditsionnoe-beloe-polusladkoe-07-belye-sorta-vinograda-11,Кубанское Традиционное Белое Полусладкое 0.7,Белое,Вино золотисто-соломенного цвета с ярким блеском.,Кубань,Белые сорта винограда,"Вкус вина сбалансированный, свежий, легкий, с фруктово-ягодными оттенками и приятной сладостью.",Союз-Вино,,,,,,,,missing_owner_file
soyuz-vino-kubanskoe-traditsionnoe-beloe-suhoe-belye-sorta-vinograda-11,Кубанское Традиционное Белое Сухое,Белое,Вино светло-соломенного цвета с зеленоватым оттенком.,Кубань,Белые сорта винограда,"Вкус вина сбалансированный, свежий, легкий, с приятной кислотностью.",Союз-Вино,,,,,,,,missing_owner_file
soyuz-vino-kubanskoe-traditsionnoe-beloe-suhoe-07-belye-sorta-vinograda-11,Кубанское Традиционное Белое Сухое 0.7,Белое,Вино светло-соломенного цвета с зеленоватым оттенком.,Кубань,Белые сорта винограда,"Вкус вина сбалансированный, свежий, легкий, с приятной кислотностью.",Союз-Вино,,,,,,,,missing_owner_file
soyuz-vino-kubanskoe-traditsionnoe-krasnoe-polusladkoe-krasnye-sorta-vinograda-11,Кубанское Традиционное Красное Полусладкое,Красное,Вино рубинового цвета с глубоким красным блеском.,Кубань,Красные сорта винограда,"Вкус вина округлый, гармоничный, сбалансированный, с мягкими танинами и пряными вишневыми тонами.",Союз-Вино,,,,,,,,missing_owner_file
soyuz-vino-kubanskoe-traditsionnoe-krasnoe-polusladkoe-07-krasnye-sorta-vinograda-11,Кубанское Традиционное Красное Полусладкое 0.7,Красное,Вино рубинового цвета с глубоким красным блеском.,Кубань,Красные сорта винограда,"Вкус вина округлый, гармоничный, сбалансированный, с мягкими танинами и пряными вишневыми тонами.",Союз-Вино,,,,,,,,missing_owner_file
soyuz-vino-kubanskoe-traditsionnoe-krasnoe-suhoe-krasnye-sorta-vinograda-11,Кубанское Традиционное Красное Сухое,Красное,Вино рубинового цвета с фиолетовым оттенком.,Кубань,Красные сорта винограда,"Гармоничный вкус вина обладает мягкой текстурой, округлой танинной структурой и притягательными нотами сливы.",Союз-Вино,,,,,,,,missing_owner_file
soyuz-vino-kubanskoe-traditsionnoe-krasnoe-suhoe-07-krasnye-sorta-vinograda-11,Кубанское Традиционное Красное Сухое 0.7,Красное,Вино рубинового цвета с фиолетовым оттенком.,Кубань,Красные сорта винограда,"Гармоничный вкус вина обладает мягкой текстурой, округлой танинной структурой и притягательными нотами сливы.",Союз-Вино,,,,,,,,missing_owner_file
soyuz-vino-lak-dazyur-blan-moellyo-belye-sorta-vinograda-beloe-polusladkoe-11,Лак д'Азюр Блан Моэллё,Белое,У вина светло-золотистый цвет.,Кубань,Белые сорта винограда,"Вино обладает легким, питким и приятным вкусом с тонкой кислинкой, которая отлично балансирует фруктовую сладость. Послевкусие нежное.",Союз-Вино,,,,,,,,missing_owner_file
soyuz-vino-lak-dazyur-blan-sek-belye-sorta-vinograda-beloe-suhoe-11,Лак д'Азюр Блан Сек,Белое,Вино бледно-соломенного цвета с зеленоватым оттенком.,Кубань,Белые сорта винограда,"Вкус вина легкий, питкий, свежий, с фруктово-цветочными оттенками и яркой цитрусовой кислинкой в сухом послевкусии.",Союз-Вино,,,,,,,,missing_owner_file
soyuz-vino-lak-dazyur-ruzh-moellyo-belye-sorta-vinograda-krasnoe-polusladkoe-11,Лак д'Азюр Руж Моэллё,Красное,У вина насыщенный вишневый цвет с гранатовыми отблесками.,Кубань,Белые сорта винограда,"Вкус вина повторяет оттенки аромата, впечатляя своей структурой с округлыми танинами, умеренной кислотностью и деликатной фруктовой сладостью в послевкусии, отмеченном также приятной ягодной терпкостью.",Союз-Вино,,,,,,,,missing_owner_file
soyuz-vino-lak-dazyur-ruzh-sek-krasnye-sorta-vinograda-krasnoe-suhoe-11,Лак д'Азюр Руж Сек,Красное,Вино демонстрирует яркий гранатово-красный цвет.,Кубань,Красные сорта винограда,"Вкус вина свежий, питкий, гармоничный, с сочным фруктовым ядром, мягкими танинами и приятной ягодной кислинкой в сухом послевкусии.",Союз-Вино,,,,,,,,missing_owner_file
soyuz-vino-lenty-izabella-krymskaya-krasnoe-polusladkoe-11,Ленты Изабелла Крымская,Красное,Вино глубокого пурпурно-рубинового цвета.,Крым,Изабелла,"Вино обладает гармоничным вкусом с оттенками спелых фруктов и ягод, плавно переходящими в долгое, сладковатое послевкусие.",Союз-Вино,,,,,,,,missing_owner_file
soyuz-vino-lenty-kaberne-krymskoe-kaberne-sovinon-krasnoe-polusladkoe-11,Ленты Каберне Крымское,Красное,Вино глубокого красно-рубинового цвета.,Крым,Каберне Совиньон,"Вино обладает гармоничным вкусом с оттенками спелых фруктов, миндаля и шоколада, плавно переходящими в долгое, сладковатое послевкусие.",Союз-Вино,,,,,,,,missing_owner_file
soyuz-vino-lenty-shardone-krymskoe-beloe-polusladkoe-11,Ленты Шардоне Крымское,Белое,Вино светло-соломенного цвета.,Крым,Шардоне,"Вкус вина мягкий, приятный, с фруктово-цветочными оттенками и сбалансированным послевкусием.",Союз-Вино,,,,,,,,missing_owner_file
merlo-litavshhuk,Мерло Литавщук,Красное,Темно-рубиновый,Кубань,Мерло,Насыщенный аромат спелых красны ягод,Литавщук. Litavshchuk vineyards & winery,,,,,,,,missing_owner_file
ona-skazala-da,Она сказала Да!,Розовое,Розовый,Кубань,"Каберне Совиньон, Мерло, Саперави",Метод Шарма с частичной выдержкой в дубовой бочке. Остановка брожения холодом на заданном уровне сахара.,Фанагория,,,,,,,,missing_owner_file
polusladkoe-krasnoe-zolotaya-balka,Полусладкое Красное Золотая Балка,Красное,рубиновый,Крым,Мерло,"Аромат красных ягод и сладких фруктов, слегка оттененных специями.  Вкус сложный, многогранный, с ярким фруктовым послевкусием.  Создано методом Шарма-Мартинотти.",Золотая Балка,,,,,,,,missing_owner_file
polusladkoe-rozovoe-zolotaya-balka,Полусладкое Розовое Золотая Балка,Розовое,Нежно-розовый,Крым,Пино Нуар,"Аромат невероятно свежий аромат слегка засахаренных красных ягод — малины, красной смородины. Вкус элегантный, слегка освежающий мягкий вкус в сочетании с приятной деликатной сладостью. Создано методом Шарма-Мартинотти.",Золотая Балка,,,,,,,,missing_owner_file
polusladkoe-krasnoe-zb-vajn-frizzante,Полусладкое красное ЗБ вайн Фриззанте,Красное,рубиновый,Крым,Каберне Совиньон,"Богатый аромат спелых ягод с нотами граната. Вкус мягкий, бархатистый, яркий и запоминающийся. Итальянский метод Frizzante.",Золотая Балка,,,,,,,,missing_owner_file
polusuhoe-rozovoe-zb-vajn-frizzante,Полусухое розовое ЗБ вайн Фриззанте,Розовое,Нежно-розовый,Крым,Алиготе,"Аромат спелых красных ягод: малины, земляники, смородины и вишни, с полутонами лепестков чайной розы.  Вкус нежный, легкий с приятным долгим послевкусием. Итальянский метод Frizzante.",Золотая Балка,,,,,,,,missing_owner_file
rozovoe-polusladkoe-2,Розовое полусладкое,Розовое,Розовый,Кубань,"Каберне Совиньон, Каберне Фран, Мерло, Пино Нуар",Аромат наполнен тонами лесных ягод. Вкус раскрывается фруктовой сладостью и кислотностью.,Абрау-Дюрсо,,,,,,,,missing_owner_file
abrau-dyurso-russkoe-igristoe-polusuhoe-rozovoe-pino-nuar-12,Русское Игристое полусухое розовое,Розовое,Розовый,Кубань,"Каберне Совиньон, Каберне Фран, Пино Нуар, Пино фран","В аромате тона красных лесных ягод, оттенки малины и земляники. Вкус полный и шелковистый с балансом фруктовой сладости и кислотности, с приятным послевкусием.",Абрау-Дюрсо,,,,,,,,missing_owner_file
soyuz-vino-soyuz-vino-izabella-beg-in-boks-krasnoe-polusladkoe-11,Союз-Вино Изабелла Бэг-ин-бокс,Красное,У вина глубокий красно-рубиновый цвет с пурпурными отблесками.,Кубань,Изабелла,"Мягкий, питкий вкус вина покоряет сочностью фруктовых оттенков, деликатной сладостью и тонкой, гармоничной ягодной кислинкой. Округлые танины выстилают нежное послевкусие.",Союз-Вино,,,,,,,,missing_owner_file
soyuz-vino-soyuz-vino-kaberne-sovinon-beg-in-boks-krasnoe-suhoe-11,Союз-Вино Каберне Совиньон Бэг-ин-бокс,Красное,Насыщенный рубиновый цвет.,Кубань,Каберне Совиньон,"Щедрый, свежий, отлично сбалансированный вкус демонстрирует яркие фруктово-ягодные оттенки, среди которых особенно выделяются нотки черной смородины, украшенные травянистыми тонами, и продолжительное послевкусие.",Союз-Вино,,,,,,,,missing_owner_file
soyuz-vino-soyuz-vino-kaberne-sovinon-polusladkoe-beg-in-boks-krasnoe-12,Союз-Вино Каберне Совиньон Полусладкое Бэг-ин-бокс,Красное,Насыщенный гранатовый цвет.,Кубань,Каберне Совиньон,"Мягкий, гармоничный, чистый, питкий, приятно сладковатый вкус отличается выразительными фруктово-ягодными тонами, умеренной терпкостью, деликатной танинностью, бархатистой текстурой и продолжительным послевкусием.",Союз-Вино,,,,,,,,missing_owner_file
soyuz-vino-soyuz-vino-muskat-beg-in-boks-beloe-polusladkoe-11,Союз-Вино Мускат Бэг-ин-бокс,Белое,Вино отличается светло-золотистым цветом.,Кубань,Мускат,"Вкус вина мягкий, нежный, гармоничный. Фруктово-медовая сладость идеально дополнена пряностью мускатных оттенков. Послевкусие приятное, сбалансированное.",Союз-Вино,,,,,,,,missing_owner_file
soyuz-vino-soyuz-vino-shardone-beloe-polusladkoe-beg-in-boks-12,Союз-Вино Шардоне Белое Полусладкое Бэг-ин-бокс,Белое,Цвет привлекает светлым соломенно-золотистым оттенком.,Кубань,Шардоне,"Мягкий, свежий, округлый и гармоничный вкус манит нежными фруктовыми оттенками, сладость которых сбалансирована приятной, тонкой кислотностью.",Союз-Вино,,,,,,,,missing_owner_file
soyuz-vino-soyuz-vino-shardone-suhoe-beg-in-boks-beloe-11,Союз-Вино Шардоне Сухое Бэг-ин-бокс,Белое,Привлекательный светло-золотистый цвет.,Кубань,Шардоне,"Мягкий, округлый, питкий, гармоничный, фруктовый вкус отличается хорошо сбалансированной кислотностью и приятным, сухим послевкусием.",Союз-Вино,,,,,,,,missing_owner_file
suhoe-beloe-zb-vajn-frizzante,Сухое белое ЗБ вайн Фриззанте,Белое,Светло-соломенный,Крым,Ркацители,"Яркий аромат крымских фруктов — спелого персика и абрикоса, груши Дюшес, белой черешни, с переплетением цитрусовых и цветочных нот. Во вкусе спелый персик и абрикос, груша Дюшес",Золотая Балка,,,,,,,,missing_owner_file
soyuz-vino-el-krusero-blanko-polusladkoe-belye-sorta-vinograda-beloe-11,Эль Крусеро Бланко Полусладкое,Белое,У вина соломенно-желтый цвет.,Кубань,Белые сорта винограда,"У вина легкий, питкий, гармоничный, мягкий вкус с приятной фруктовой сладостью и тонкой цитрусовой кислинкой. Послевкусие деликатное, нежное.",Союз-Вино,,,,,,,,missing_owner_file
soyuz-vino-el-krusero-tinto-polusladkoe-krasnye-sorta-vinograda-krasnoe-11,Эль Крусеро Тинто Полусладкое,Красное,У вина насыщенный рубиново-красный цвет с пурпурными бликами.,Кубань,Красные сорта винограда,"Вино имеет мягкий, приятный, сладковатый, фруктовый вкус с живой ягодной кислинкой, деликатными танинами и нежным послевкусием.",Союз-Вино,,,,,,,,missing_owner_file
