Проблема,Название вина,Категория,Цвет,Регион,Сорт винограда,Описание,Винодельня,Slug,Название фото,Ссылка на страницу,Файл в wines_images,Файл существует,Имя фото в XML,Ссылка на изображение,Дата обновления,Сверка имени фото,Статус,Источник фото,Прежний размер,"Ширина, px","Высота, px",Размер изображения,"Вес файла, КБ",Тип дубля,Те же фото у вин
нет изображения,ЗБ вайн МОСКАТО полусладкое белое,Белое,Золотистый,Крым,Мускат,"Благородный мускатный аромат с тонкими фруктовыми оттенками абрикоса и персика и изящной нотой лепестков чайной розы. Насыщенный, узнаваемый мускатный, элегантный, ненавязчиво сладкий.",Золотая Балка,zb-vajn-moskato-polusladkoe-beloe,Москато белое полусладкое.webp,,,нет,,,,,нет фото и страницы на сайте,,,,,,,,
нет изображения,ЗБ вайн МОСКАТО полусладкое розовое ,Розовое,розовый,Крым,Мускат,Яркий аромат свежего винограда и клубники в сочетании со сливочными полутонами и нежным шлейфом лепестков розы. Сочный и яркий вкус с природной ненавязчивой сладостью и богатой палитрой мускатных тонов.,Золотая Балка,zb-vajn-moskato-polusladkoe-rozovoe,Москато Розовый.webp,,,нет,,,,,нет фото и страницы на сайте,,,,,,,,
нет изображения,ЗБ вайн РИСЛИНГ Полусухое белое ,Белое,Светло-соломенный,Крым,Рислинг,"Отличается утонченным ароматом белых цветов, абрикоса и нектарина, а также цитрусовых с легкой минеральной нотой. Нежный вкус с хорошей освежающей кислотностью и тонким минеральным послевкусием.",Золотая Балка,zb-vajn-risling-polusuhoe-beloe,convertio.in_Рислинг винт.webp,,,нет,,,,,нет фото и страницы на сайте,,,,,,,,
нет изображения, ЗБ вайн СПУМАНТЕ Брют белое,Белое,соломенный,Крым,Алиготе,"Изысканный букет цитрусовых, с легким нюансом аромата весенних цветов и белых фруктов. Элегантный, деликатный вкус с хорошо сбалансированной кислотностью.",Золотая Балка,zb-vajn-spumante-bryut-beloe,Спуманте белый брют.webp,,,нет,,,,,нет фото и страницы на сайте,,,,,,,,
нет изображения,ЗБ вайн СПУМАНТЕ Брют розовое ,Розовое,Нежно-розовый,Крым,Алиготе,"В аромате преобладают нежные ягодные тона малины и клубники, с вкраплениями фруктов — крымского персика и нектарина, а также цитрусовых — грейпфрута и помело. Нежный и легкий с приятным долгим послевкусием.",Золотая Балка,zb-vajn-spumante-bryut-rozovoe,Спуманте розовый брют.webp,,,нет,,,,,нет фото и страницы на сайте,,,,,,,,
нет изображения,ЗБ вайн СПУМАНТЕ Полусухое белое,Белое,лимонный,Крым,Алиготе,"Роскошный букет степных цветов-медоносов с нотками спелого персика и груши. Яркий, хорошо сбалансированный с преобладанием оттенков спелых белых фруктов и ненавязчивой сладостью.",Золотая Балка,zb-vajn-spumante-polusuhoe-beloe,Спуманте белое полусухое.webp,,,нет,,,,,нет фото и страницы на сайте,,,,,,,,
нет изображения,"Игристое жемчужное вино полусухое красное ""Ди Каспико Фиори ди Маре"" (Di Caspico Fiori di Mare)",Красное,Ягодно-красный,Дагестан,,"Di Caspico Fiori di Mare — яркое жемчужное вино с сочным ягодным характером и морской свежестью, созданное для живых эмоций и лёгких, непринуждённых моментов.
В бокале — выразительный ягодно-красный цвет, подчёркивающий насыщенность и молодость вина. Аромат сбалансированный, с нотками свежих ягод и тонкими сладкими нюансами, создающими ощущение спелого летнего сада у моря.
Во вкусе — яркая свежесть, приятная кислотность и лёгкая игристая структура, переходящая в деликатное, освежающее послевкусие.
Di Caspico Fiori di Mare — идеальный выбор для дружеских встреч, пикников и тех случаев, когда хочется добавить в день немного моря, ягод и свободы.",Дербент Вино,igristoe-zhemchuzhnoe-vino-polusuhoe-krasnoe-di-kaspiko-fiori-di-mare-di-caspico-fiori-di-mare,красн плсх.webp,,,нет,,,,,нет фото и страницы на сайте,,,,,,,,
нет изображения,Она сказала Да!,Розовое,Розовый,Кубань,"Каберне Совиньон, Мерло, Саперави",Метод Шарма с частичной выдержкой в дубовой бочке. Остановка брожения холодом на заданном уровне сахара.,Фанагория,ona-skazala-da,"Generated Image June 22, 2026 - 10_44PM (1).webp",,,нет,,,,,нет фото и страницы на сайте,,,,,,,,
нет изображения,Полусладкое Красное Золотая Балка,Красное,рубиновый,Крым,Мерло,"Аромат красных ягод и сладких фруктов, слегка оттененных специями.  Вкус сложный, многогранный, с ярким фруктовым послевкусием.  Создано методом Шарма-Мартинотти.",Золотая Балка,polusladkoe-krasnoe-zolotaya-balka,Полусладкое красное.webp,,,нет,,,,,нет фото и страницы на сайте,,,,,,,,
нет изображения,Полусладкое красное ЗБ вайн Фриззанте,Красное,рубиновый,Крым,Каберне Совиньон,"Богатый аромат спелых ягод с нотами граната. Вкус мягкий, бархатистый, яркий и запоминающийся. Итальянский метод Frizzante.",Золотая Балка,polusladkoe-krasnoe-zb-vajn-frizzante,Фризанте красное полусладкое.webp,,,нет,,,,,нет фото и страницы на сайте,,,,,,,,
нет изображения,Розовое полусладкое,Розовое,Розовый,Кубань,"Каберне Совиньон, Каберне Фран, Мерло, Пино Нуар",Аромат наполнен тонами лесных ягод. Вкус раскрывается фруктовой сладостью и кислотностью.,Абрау-Дюрсо,rozovoe-polusladkoe-2,"Generated Image June 22, 2026 - 10_44PM.webp",,,нет,,,,,нет фото и страницы на сайте,,,,,,,,
нет изображения,Сухое белое ЗБ вайн Фриззанте,Белое,Светло-соломенный,Крым,Ркацители,"Яркий аромат крымских фруктов — спелого персика и абрикоса, груши Дюшес, белой черешни, с переплетением цитрусовых и цветочных нот. Во вкусе спелый персик и абрикос, груша Дюшес",Золотая Балка,suhoe-beloe-zb-vajn-frizzante,Фризанте белое сухое.webp,,,нет,,,,,нет фото и страницы на сайте,,,,,,,,
мелкое изображение (< 200 px),Авторское Рислинг,Белое,Светло-соломенный,Кубань,"Рислинг, Ркацители","Вкус вина чистый, свежий, энергичный, с яркой кислинкой, фруктовыми и травяными оттенками, мягкой текстурой и гармоничным послевкусием. Аромат вина наполнен оттенками белых цветов, лайма, яблока и меда. Вино блестящего соломенного цвета с золотистыми бликами.
",Olymp Winery,avtorskoe-risling,zod3xnxspeju4qylhp65en278429bfv3.webp,https://vino-svoe.ru/wines/avtorskoe-risling,avtorskoe-risling.webp,да,zod3xnxspeju4qylhp65en278429bfv3_fa4af2c190.webp,https://api.vino-svoe.ru/v1/img/str-api/1920/1920/resize/uploads/zod3xnxspeju4qylhp65en278429bfv3_fa4af2c190.webp,2026-08-05T11:53:01.000Z,совпадает,полное соответствие,wines_images,,40,156,40x156,2.2,,
мелкое изображение (< 200 px),Monte Garu белое брют,Белое,Блестящий светло-соломенный цвет. В аромате вино раскрывается нотками косточковых фруктов и белых цветов. Вкус освежающий и сбалансированный.,Дагестан,"Первенец Магарача, Рислинг, Ркацители",Блестящий светло-соломенный цвет. В аромате вино раскрывается нотками косточковых фруктов и белых цветов. Вкус освежающий и сбалансированный.,Дербент Вино,monte-garu-beloe-bryut,ru_pim_78722001001_01.webp,https://vino-svoe.ru/wines/monte-garu-beloe-bryut,monte-garu-beloe-bryut.webp,да,ru_pim_78722001001_01_a64f7241c9.webp,https://api.vino-svoe.ru/v1/img/str-api/1920/1920/resize/uploads/ru_pim_78722001001_01_a64f7241c9.webp,2026-08-05T09:06:53.000Z,совпадает,полное соответствие,wines_images,,41,156,41x156,1.1,,
мелкое изображение (< 200 px),Monte Garu белое полусладкое,Белое,Светло-соломенный,Дагестан,"Первенец Магарача, Рислинг, Ркацители",Блестящий светло-соломенный цвет. В аромате вино раскрывается нотками косточковых фруктов и белых цветов. Вкус освежающий и сбалансированный.,Дербент Вино,monte-garu-beloe-polusladkoe,ru_pim_78716001001_01.webp,https://vino-svoe.ru/wines/monte-garu-beloe-polusladkoe,monte-garu-beloe-polusladkoe.webp,да,ru_pim_78716001001_01_3c2f0c7afe.webp,https://api.vino-svoe.ru/v1/img/str-api/1920/1920/resize/uploads/ru_pim_78716001001_01_3c2f0c7afe.webp,2026-08-05T09:09:57.000Z,совпадает,полное соответствие,wines_images,,41,156,41x156,1.1,,
мелкое изображение (< 200 px),"Chateau Tamagne Select Blanc 0,2 СВОЁ ВИНО",Белое,Соломенный,Кубань,"Совиньон Блан, Шардоне","Российские вина «Шато Тамань Селект» подходят для тех, кто любит экспериментировать и открывать для себя разнообразие отечественных вин. Дизайн этикетки выполнен в стиле супрематизма, который наиболее полно отражает концепцию данного вина, где суть проста и глубока от первого глотка и до последней капли. В бутылке вина главное – вино. Этикетка «Шато Тамань Селект» как будто говорит: «Самое важное внутри».

Вино с ЗГУ «Кубань. Таманский полуостров» сухое белое «Шато Тамань. Селект Блан» создано из винограда сорта Шардоне и Совиньон Белый. Имеет свежий, сортовой аромат на фоне минеральных нот. Вкус свежий и гармоничный. Лёгкое и гастрономичное вино станет отличным дополнением к любому поводу!",Кубань-Вино,chateau-tamagne-select-blanc,photo_2026-08-17_17-13-05-no-bg-preview (carve.photos).webp,https://vino-svoe.ru/wines/chateau-tamagne-select-blanc,chateau-tamagne-select-blanc.webp,да,photo_2026_08_17_17_13_05_no_bg_preview_carve_photos_68c4ef07cb.webp,https://api.vino-svoe.ru/v1/img/str-api/1920/1920/resize/uploads/photo_2026_08_17_17_13_05_no_bg_preview_carve_photos_68c4ef07cb.webp,2026-08-17T14:18:17.000Z,совпадает,полное соответствие,wines_images,,42,156,42x156,1.8,,
мелкое изображение (< 200 px),"Cantiani Cabernet Sauvignon Reserve, 2024",Красное,Насыщенно-рубиновый,Дагестан,Каберне Совиньон,"Вино Cantiani Reserve проходит выдержку в бочках из благородного французского дуба в течение шести месяцев. За это время вино приобретает сложную структуру, развивает свои ароматические характеристики и достигает вершины вкуса. Вино становится многослойным, где фруктовые ноты переплетаются со «вторичными» (древесными) и «третичными» (при старении в бутылке) ароматами. Именно выдержанные в бочках вина чаще всего способны развиваться и в бутылке десятилетиями. Тираж 58 000 бутылок.

В букете выражены яркие сортовые оттенки винограда Каберне-Совиньон: черная смородина, фрукты: слива, ежевика, вишня, малина, а также древесные и пряные ноты. Вкус гармоничный, с легкой терпкостью и длительным бархатистым послевкусием

",Шато АЛВИСА,cantiani-cabernet-sauvignon-reserve-2024,Cantiani_Reserve (1).webp,https://vino-svoe.ru/wines/cantiani-cabernet-sauvignon-reserve-2024,cantiani-cabernet-sauvignon-reserve-2024.webp,да,Cantiani_Reserve_1_e1bd881754.webp,https://api.vino-svoe.ru/v1/img/str-api/1920/1920/resize/uploads/Cantiani_Reserve_1_e1bd881754.webp,2026-08-27T18:17:18.000Z,совпадает,полное соответствие,wines_images,,45,156,45x156,2.3,,
мелкое изображение (< 200 px),Locantita Sauvignon Blanc-Chardonnay,Белое,Светло-соломенный,Крым,"Мцване, Пино Нуар, Рислинг, Совиньон Блан, Шардоне","Аромат с тонами тропических фруктов, спелой груши, цветочными и пряными нотами. Мягкий, объёмный вкус с освежающим финишем.",Alma Valley,locantita-sauvignon-blanc-chardonnay,ru_pim_263023001001_01.webp,https://vino-svoe.ru/wines/locantita-sauvignon-blanc-chardonnay,locantita-sauvignon-blanc-chardonnay.webp,да,ru_pim_263023001001_01_d63898ec2e.webp,https://api.vino-svoe.ru/v1/img/str-api/1920/1920/resize/uploads/ru_pim_263023001001_01_d63898ec2e.webp,2026-08-05T11:22:29.000Z,совпадает,полное соответствие,wines_images,,55,156,55x156,1.2,,
мелкое изображение (< 200 px),Cantiani Cabernet Sauvignon,Красное,Глубокий рубиновый,Дагестан,Каберне Совиньон,"Округлый, хорошо сбалансированный вкус с фруктово-пряными акцентами, мелкозернистыми танинами и стойким послевкусием. Аромат выразительный, с доминирующими оттенками вишни, черники, ежевики, пряностей и черного перца",Шато АЛВИСА,cantiani-cabernet-sauvignon,Cantiani-CaberSauv_vid_042024-Photoroom.webp,https://vino-svoe.ru/wines/cantiani-cabernet-sauvignon,cantiani-cabernet-sauvignon.webp,да,Cantiani_Caber_Sauv_vid_042024_Photoroom_834a144a19.webp,https://api.vino-svoe.ru/v1/img/str-api/1920/1920/resize/uploads/Cantiani_Caber_Sauv_vid_042024_Photoroom_834a144a19.webp,2026-08-27T18:10:40.000Z,совпадает,полное соответствие,wines_images,,61,156,61x156,2.0,,
мелкое изображение (< 200 px),Cantiani Merlot,Красное,Вишнево-рубиновый,Дагестан,Мерло,"Вкус интригует полным, бархатистым вкусом с фруктовым ядром, мелкозернистыми танинами и невероятно долгим послевкусием. Выразительный, щедрый аромат вина раскрывается оттенками вишни, ежевики, смородины, пряностей, подлеска и черного перца",Шато АЛВИСА,cantiani-merlot,Cantiani-Merlot_vid_042024.webp,https://vino-svoe.ru/wines/cantiani-merlot,cantiani-merlot.webp,да,Cantiani_Merlot_vid_042024_189cdd1f9c.webp,https://api.vino-svoe.ru/v1/img/str-api/1920/1920/resize/uploads/Cantiani_Merlot_vid_042024_189cdd1f9c.webp,2026-08-27T18:48:19.000Z,совпадает,полное соответствие,wines_images,,61,156,61x156,2.4,,
мелкое изображение (< 200 px),Cantiani Saperavi Merlot,Красное,Бордово-красный,Дагестан,"Мерло, Саперави","Гармоничное вино с сочной ягодно-фруктовой структурой, живой сбалансированной кислинкой и приятной танинной терпкостью. Аромат изобилует тонами спелых красных фруктов, вишни, черной смородины, фиалки и черного перца",Шато АЛВИСА,cantiani-saperavi-merlot,Image.webp,https://vino-svoe.ru/wines/cantiani-saperavi-merlot,cantiani-saperavi-merlot.webp,да,Image_ad611828e7.webp,https://api.vino-svoe.ru/v1/img/str-api/1920/1920/resize/uploads/Image_ad611828e7.webp,2026-08-27T18:21:16.000Z,совпадает,полное соответствие,wines_images,,61,156,61x156,2.5,,
мелкое изображение (< 200 px); дубль изображения,"Кокур, 2025 ",Белое,Бледно-соломенный,Крым,Кокур,"Интенсивный, живой аромат наполнен оттенками спелых косточковых фруктов, цитрусов и зеленого яблока. Яркая кислотность, тона лимонных леденцов, морской воды и абрикоса в сочном послевкусии.",Винодельня Братьев Мельниковых,kokur-2025,DSC00839-Photoroom.webp,https://vino-svoe.ru/wines/kokur-2025,kokur-2025.webp,да,DSC_00839_Photoroom_418c4b31b3.webp,https://api.vino-svoe.ru/v1/img/str-api/1920/1920/resize/uploads/DSC_00839_Photoroom_418c4b31b3.webp,2026-08-09T15:41:38.000Z,совпадает,полное соответствие,wines_images,,61,156,61x156,2.0,одно имя фото в базе,kokur-suhoe-2025
мелкое изображение (< 200 px),"Пино Глю, 2025 ",Красное,Гранатовый,Крым,Пино Нуар,"Вкус свежий, выраженно фруктовый, с прохладным минеральным тоном, интригующей кислинкой северных ягод и длительным послевкусием. Ягодный аромат с доминирующим акцентом брусники, со временем переходящий в дикую вишню",Коммуналка,pino-glyu-2025,DSC00837-Photoroom.webp,https://vino-svoe.ru/wines/pino-glyu-2025,pino-glyu-2025.webp,да,DSC_00837_Photoroom_494c8f4098.webp,https://api.vino-svoe.ru/v1/img/str-api/1920/1920/resize/uploads/DSC_00837_Photoroom_494c8f4098.webp,2026-08-09T17:37:12.000Z,совпадает,полное соответствие,wines_images,,61,156,61x156,2.3,,
мелкое изображение (< 200 px); дубль изображения,"Пино Нуар, 2025",Розовое,Лососевый,Крым,Пино Нуар,В аромате спелое красное яблоко с нюансами грейпфрута и сладкого красного апельсина. Красные ягоды с нотами пряных трав на финише длительного послевкусия.,Винодельня Братьев Мельниковых,pino-nuar-2025,DSC00836.webp,https://vino-svoe.ru/wines/pino-nuar-2025,pino-nuar-2025.webp,да,DSC_00836_4070f8fd2f.webp,https://api.vino-svoe.ru/v1/img/str-api/1920/1920/resize/uploads/DSC_00836_4070f8fd2f.webp,2026-08-09T15:55:11.000Z,совпадает,полное соответствие,wines_images,,61,156,61x156,2.0,одно имя фото в базе,method-classic-kokur
мелкое изображение (< 200 px),Соседи Алиготе/Шардоне 2025,Белое,Светло-лимонный,Крым,"Алиготе, Шардоне","Питкое, задорное вино с фруктово-цветочным профилем и пикантной живой кислинкой и сдержанным послевкусием. Аромат свежий, приятный, раскрывается оттенками спелого персика, садового яблока, груши дюшес и полевых цветов.",Коммуналка,sosedi-aligote-shardone-2025,DSC00842.webp,https://vino-svoe.ru/wines/sosedi-aligote-shardone-2025,sosedi-aligote-shardone-2025.webp,да,DSC_00842_e6a43cbc3d.webp,https://api.vino-svoe.ru/v1/img/str-api/1920/1920/resize/uploads/DSC_00842_e6a43cbc3d.webp,2026-08-09T17:50:00.000Z,совпадает,полное соответствие,wines_images,,61,156,61x156,2.4,,
мелкое изображение (< 200 px); дубль изображения," Алиготе Баррель, 2024",Белое,Золотистый,Крым,Алиготе,"Вино золотистого цвета с тонкой структурой, хорошей кислотностью, долго раскрывается в бокале. Первый нос почти невесомый, с ароматами свежего сена и меловой нотой. Со временем раскрывается, наполняясь ароматами цветущего фруктового сада, акации, переходя в спелый персик и абрикос. Комплексное, свежее вино с легкой минеральностью в послевкусии и хорошей структурой.
",Коммуналка,aligote-barrel-2024,DSC09173.webp,https://vino-svoe.ru/wines/aligote-barrel-2024,aligote-barrel-2024.webp,да,DSC_09173_4a9ff95cc2.webp,https://api.vino-svoe.ru/v1/img/str-api/1920/1920/resize/uploads/DSC_09173_4a9ff95cc2.webp,2026-08-09T17:11:11.000Z,совпадает,полное соответствие,wines_images,,64,156,64x156,2.0,файл идентичен + одно имя фото в базе,aligote-barrel-2025
мелкое изображение (< 200 px); дубль изображения,"Алиготе Баррель, 2025",Белое,Золотистый,Крым,Алиготе,"Вино золотистого цвета с тонкой структурой, хорошей кислотностью, долго раскрывается в бокале. Первый нос почти невесомый, с ароматами свежего сена и меловой нотой. Со временем раскрывается, наполняясь ароматами цветущего фруктового сада, акации, переходя в спелый персик и абрикос. Комплексное, свежее вино с легкой минеральностью в послевкусии и хорошей структурой.
",Коммуналка,aligote-barrel-2025,DSC09173.webp,https://vino-svoe.ru/wines/aligote-barrel-2025,aligote-barrel-2025.webp,да,DSC_09173_4a9ff95cc2.webp,https://api.vino-svoe.ru/v1/img/str-api/1920/1920/resize/uploads/DSC_09173_4a9ff95cc2.webp,2026-08-09T17:19:41.000Z,совпадает,полное соответствие,wines_images,,64,156,64x156,2.0,файл идентичен + одно имя фото в базе,aligote-barrel-2024
мелкое изображение (< 200 px),"Два Брата Пет Нат Кокур, 2024",Белое,Золотистый,Крым,Кокур,"Аромат полевых цветов, свежескошенной травы с интеграцией тропических нот. Во вкусе раскрывается тропическими фруктами, нотами груши, айвы, персика, с высокой долей минеральности  и приятным покалыванием пузырьков",Винодельня Братьев Мельниковых,dva-brata-pet-nat-kokur-2024,DSC09166.webp,https://vino-svoe.ru/wines/dva-brata-pet-nat-kokur-2024,dva-brata-pet-nat-kokur-2024.webp,да,DSC_09166_cf6c3aaa12.webp,https://api.vino-svoe.ru/v1/img/str-api/1920/1920/resize/uploads/DSC_09166_cf6c3aaa12.webp,2026-08-09T16:54:28.000Z,совпадает,полное соответствие,wines_images,,64,156,64x156,1.7,,
мелкое изображение (< 200 px),"Карбон Глю, 2024 ",Красное,Темно-фиолетовый,Крым,Сира,"Вино насыщенного темно-фиолетового цвета с яркой выраженной ягодной ароматикой, приятным мягким, почти незаметным танином и высокой кислотностью. Во вкусе вино раскрывается подбродившими черными и красными ягодами с еле различимыми нюансами специй",Коммуналка,karbon-glyu-2024,DSC09171.webp,https://vino-svoe.ru/wines/karbon-glyu-2024,karbon-glyu-2024.webp,да,DSC_09171_f04d8d1b64.webp,https://api.vino-svoe.ru/v1/img/str-api/1920/1920/resize/uploads/DSC_09171_f04d8d1b64.webp,2026-08-09T17:35:14.000Z,совпадает,полное соответствие,wines_images,,64,156,64x156,2.0,,
мелкое изображение (< 200 px),Небо России Глера,Белое,Светло-соломенный,Крым,Глера,"В 2024 году рязанки Оксана Трунина и Юлия Машкова при поддержке винодельни Uva Vallis запустили авторскую линейку вин, посвящённую фестивалю воздухоплавания «Небо России». В 2025 году к ней добавилось игристое из глеры, сделанное вместе с Kalos Limen по методу ансестраль (петнат). «Небо России Глера» — третье вино проекта после Сира Розе и Совиньон Блан; оно задумано как ода свободе и лёгкости и отражает атмосферу августовского фестиваля, собирающего в Рязани тысячи гостей.

Особенности «Небо России Глера»: минимальное содержание сахара для изысканной лёгкости; длительная выдержка на осадке, дающая нежные ноты свежей выпечки; деликатный перляж, ассоциирующийся с россыпью аэростатов в синем небе. Каждая бутылка — воплощение мечты о полёте, созданное с любовью. ",Kalos Limen,nebo-rossii-glera,Screenshot_6-Photoroom.webp,https://vino-svoe.ru/wines/nebo-rossii-glera,nebo-rossii-glera.webp,да,Screenshot_6_Photoroom_b5b45ec3f4.webp,https://api.vino-svoe.ru/v1/img/str-api/1920/1920/resize/uploads/Screenshot_6_Photoroom_b5b45ec3f4.webp,2026-08-13T10:55:06.000Z,совпадает,полное соответствие,wines_images,,64,156,64x156,2.5,,
мелкое изображение (< 200 px),"Пет Нат Соседи, 2024 ",Розовое,Светло-персиковый,Крым,Пино Нуар,"Вино жемчужное игристое светло-персикового цвета. Питкий и мягкий, со сбалансированной кислотностью и плотным муссом. Во вкусе открывается яркой фруктово-ягодной нотой и нежной кислинкой в послевкусии. Многогранный аромат с оттенками барбариса, монпансье и клубничного йогурта",Коммуналка,pet-nat-sosedi-2024,DSC09170.webp,https://vino-svoe.ru/wines/pet-nat-sosedi-2024,pet-nat-sosedi-2024.webp,да,DSC_09170_a4e65f21e4.webp,https://api.vino-svoe.ru/v1/img/str-api/1920/1920/resize/uploads/DSC_09170_a4e65f21e4.webp,2026-08-09T17:42:11.000Z,совпадает,полное соответствие,wines_images,,64,156,64x156,1.9,,
мелкое изображение (< 200 px),Глера Манно,Белое,Соломенный,Кубань,Глера,"Вино демонстрирует яркий, свежий и элегантный профиль с гладкой, обволакивающей текстурой: в аромате доминируют сочные цитрусовые и косточковые фрукты, дополненные тонкими оттенками белых цветов, а во вкусе раскрываются ноты лимонной цедры и ароматной груши с деликатными кремовыми нюансами.",Мысхако,glera-manno,Screenshot_2.webp,https://vino-svoe.ru/wines/glera-manno,glera-manno.webp,да,Screenshot_2_66036870aa.webp,https://api.vino-svoe.ru/v1/img/str-api/1920/1920/resize/uploads/Screenshot_2_66036870aa.webp,2026-08-13T09:49:28.000Z,совпадает,полное соответствие,wines_images,,70,156,70x156,2.7,,
мелкое изображение (< 200 px),Golubitskoe Rose,Розовое,Светло-розовое,Кубань,"Каберне Совиньон, Мерло, Пино Гриджио, Пино Нуар","Вино имеет светлый розовый цвет. У вина привлекательный ягодный аромат. Оттенки белых цветов и минералов создают красивое обрамление основным акцентам букета. Вино может похвастаться легким, сочным и живым вкусом с освежающей кислотностью и ярким, ягодным послевкусием.
",Поместье Голубицкое,golubitskoe-rose,Golubitskoe Estate Rose.webp,https://vino-svoe.ru/wines/golubitskoe-rose,golubitskoe-rose.webp,да,Golubitskoe_Estate_Rose_84adcc1cea.webp,https://api.vino-svoe.ru/v1/img/str-api/1920/1920/resize/uploads/Golubitskoe_Estate_Rose_84adcc1cea.webp,2026-08-05T10:02:26.000Z,совпадает,полное соответствие,wines_images,,75,156,75x156,2.6,,
мелкое изображение (< 200 px),KD Кокур,Белое,Золотисто-соломенный,Северная Осетия — Алания,Кокур,"Аромат: соткан из цветочно-медовых нот (акация, луговые травы, липа) и фруктовых оттенков (айва, желтое яблоко, груша, абрикос).

Вкус: свежий и сбалансированный с характерной умеренной кислотностью.

Технология: ручной сбор, брожение в стали при контроле температуры 16-22°C, батонаж, выдержка на тонком осадке около 2 месяцев",Винодельня Константина Дзитоева,kd-kokur,photo_2026-08-19_23-47-51-no-bg-preview (carve.photos).webp,https://vino-svoe.ru/wines/kd-kokur,kd-kokur.webp,да,photo_2026_08_19_23_47_51_no_bg_preview_carve_photos_4f7d3d0747.webp,https://api.vino-svoe.ru/v1/img/str-api/1920/1920/resize/uploads/photo_2026_08_19_23_47_51_no_bg_preview_carve_photos_4f7d3d0747.webp,2026-08-27T09:36:36.000Z,совпадает,полное соответствие,wines_images,,81,156,81x156,2.3,,
мелкое изображение (< 200 px),Лебедушка,Белое,Светло-золотистый,Крым,Шардоне,"В аромате ноты персика сорта «Белый лебедь», мягкие оттенки ванили и сливочного крема. Во вкусе спелый инжир с тонкими нотами миндальной косточки.",Le K2,lebedushka,image-04-08-26-12-58 (1).webp,https://vino-svoe.ru/wines/lebedushka,lebedushka.webp,да,image_04_08_26_12_58_1_5347234e15.webp,https://api.vino-svoe.ru/v1/img/str-api/1920/1920/resize/uploads/image_04_08_26_12_58_1_5347234e15.webp,2026-08-04T10:08:43.000Z,совпадает,полное соответствие,wines_images,,97,156,97x156,2.4,,
мелкое изображение (< 200 px),Мускат розовый позднего сбора,Розовое,"Янтарно-розовый, насыщенный",Крым,Мускат,"Аромат тёплый, с нотами розы, персика, мёда и лёгкой пряности; вкус с великолепным балансом сладости и кислотности, необыкновенно лёгкий, с ароматами крымской осени. К фруктовым десертам, свежим ягодам, мягким сырам.",Массандра,massandra-muskat-rozovyy-pozdnego-sbora-rozovoe-sladkoe-10,massandra-muskat-rozovyy-pozdnego-sbora-rozovoe-sladkoe-10.webp,https://vino-svoe.ru/wines/massandra-muskat-rozovyy-pozdnego-sbora-rozovoe-sladkoe-10,massandra-muskat-rozovyy-pozdnego-sbora-rozovoe-sladkoe-10.webp,да,massandra_muskat_rozovyy_pozdnego_sbora_rozovoe_sladkoe_10_543ccac814.webp,https://api.vino-svoe.ru/v1/img/str-api/1920/1920/resize/uploads/massandra_muskat_rozovyy_pozdnego_sbora_rozovoe_sladkoe_10_543ccac814.webp,2026-06-04T10:15:16.000Z,совпадает,полное соответствие,wines_images,,116,700,116x700,13.3,,
мелкое изображение (< 200 px),Мускат белый позднего сбора,Белое,Янтарно-золотистый,Крым,Мускат,"Аромат тёплый, с нотами пряностей, сухофруктов, чайной розы и мёда; вкус с великолепным балансом сладости и кислотности, необыкновенно лёгкий, с ароматами крымской осени. К десертам, свежим фруктам, мягким сырам.",Массандра,massandra-muskat-belyy-pozdnego-sbora-beloe-sladkoe-10,massandra-muskat-belyy-pozdnego-sbora-beloe-sladkoe-10.webp,https://vino-svoe.ru/wines/massandra-muskat-belyy-pozdnego-sbora-beloe-sladkoe-10,massandra-muskat-belyy-pozdnego-sbora-beloe-sladkoe-10.webp,да,massandra_muskat_belyy_pozdnego_sbora_beloe_sladkoe_10_17230edc84.webp,https://api.vino-svoe.ru/v1/img/str-api/1920/1920/resize/uploads/massandra_muskat_belyy_pozdnego_sbora_beloe_sladkoe_10_17230edc84.webp,2026-06-04T10:11:36.000Z,совпадает,полное соответствие,wines_images,,118,700,118x700,14.1,,
мелкое изображение (< 200 px),Мускатель белый,Белое,"Янтарно-золотистый, прозрачный",Крым,Белые сорта винограда,"Аромат мускатный, цветочный с нотами акации, мёда и персика; вкус сладкий, гармоничный, с богатой мускатной ароматикой и долгим медово-цветочным послевкусием. К фруктовым десертам, выпечке, мягким сырам.",Массандра,massandra-muskatel-belyy-belye-sorta-vinograda-beloe-sladkoe-16,massandra-muskatel-belyy-belye-sorta-vinograda-beloe-sladkoe-16.webp,https://vino-svoe.ru/wines/massandra-muskatel-belyy-belye-sorta-vinograda-beloe-sladkoe-16,massandra-muskatel-belyy-belye-sorta-vinograda-beloe-sladkoe-16.webp,да,massandra_muskatel_belyy_belye_sorta_vinograda_beloe_sladkoe_16_f7e0314033.webp,https://api.vino-svoe.ru/v1/img/str-api/1920/1920/resize/uploads/massandra_muskatel_belyy_belye_sorta_vinograda_beloe_sladkoe_16_f7e0314033.webp,2026-06-05T09:31:27.000Z,совпадает,полное соответствие,wines_images,,140,600,140x600,11.0,,
мелкое изображение (< 200 px),Шато Тамань Резерв Коллекшн Саперави 2015,Красное,Цвет — глубокий рубиновый.,Кубань,Саперави,"Полный, комплексный, глубокий вкус характеризуется приятной ягодной терпкостью, хорошо интегрированными древесными тонами, сбалансированной кислотностью и долгим, развитым послевкусием.",Кубань-Вино,kuban-vino-shato-tamane-rezerv-kollekshn-saperavi-2015-krasnoe-suhoe-13,kuban-vino-shato-tamane-rezerv-kollekshn-saperavi-2015-krasnoe-suhoe-13.webp,https://vino-svoe.ru/wines/kuban-vino-shato-tamane-rezerv-kollekshn-saperavi-2015-krasnoe-suhoe-13,kuban-vino-shato-tamane-rezerv-kollekshn-saperavi-2015-krasnoe-suhoe-13.webp,да,kuban_vino_shato_tamane_rezerv_kollekshn_saperavi_2015_krasnoe_suhoe_13_22ef176871.webp,https://api.vino-svoe.ru/v1/img/str-api/1920/1920/resize/uploads/kuban_vino_shato_tamane_rezerv_kollekshn_saperavi_2015_krasnoe_suhoe_13_22ef176871.webp,2026-06-11T12:34:56.000Z,совпадает,полное соответствие,wines_images,,140,532,140x532,7.2,,
мелкое изображение (< 200 px),Мускат белый красного камня,Белое,Золотисто-янтарный с медовым отливом,Крым,Мускат,"Аромат насыщенный, цветочно-цитронный с нотами мёда, акации и спелых южных фруктов; вкус бархатистый, богатый, с исключительным балансом утончённой мускатной сладости и кислотности, длительным послевкусием. К выдержанным сырам, сырам с плесенью, фруктовым десертам, инжиру.",Массандра,massandra-muskat-belyy-krasnogo-kamnya-beloe-sladkoe-13,massandra-muskat-belyy-krasnogo-kamnya-beloe-sladkoe-13.webp,https://vino-svoe.ru/wines/massandra-muskat-belyy-krasnogo-kamnya-beloe-sladkoe-13,massandra-muskat-belyy-krasnogo-kamnya-beloe-sladkoe-13.webp,да,massandra_muskat_belyy_krasnogo_kamnya_beloe_sladkoe_13_8456db974b.webp,https://api.vino-svoe.ru/v1/img/str-api/1920/1920/resize/uploads/massandra_muskat_belyy_krasnogo_kamnya_beloe_sladkoe_13_8456db974b.webp,2026-06-04T10:08:07.000Z,совпадает,полное соответствие,wines_images,,145,625,145x625,11.8,,
мелкое изображение (< 200 px),Viognier special reserve,Белое,Светло-соломенный,Крым,Вионье,"Выдержка во французский дуб 18 мес. + бутылочная выдержка 12 мес.

Аромат спелого абрикоса, персика и белых цветов, дополненный тёплыми нотами ванили, мёда и сладкого миндаля от долгой выдержки во французском дубе.

Полнотелое белое вино с маслянистой кремовой текстурой и мягкой округлой кислотностью. Долгое послевкусие с оттенками апельсиновой цедры и марципана.
",Kalos Limen,viognier-special-reserve,vivi-no-bg-preview (carve.photos).webp,https://vino-svoe.ru/wines/viognier-special-reserve,viognier-special-reserve.webp,да,vivi_no_bg_preview_carve_photos_dc2346510b.webp,https://api.vino-svoe.ru/v1/img/str-api/1920/1920/resize/uploads/vivi_no_bg_preview_carve_photos_dc2346510b.webp,2026-08-27T09:46:55.000Z,совпадает,полное соответствие,wines_images,,156,156,156x156,1.9,,
мелкое изображение (< 200 px),Российское шампанское коллекционное полусухое розовое «Новый Свет. Пино Нуар»,Розовое,"Нежно-розовый, лососевый",Крым,Пино Нуар,"Аромат деликатный — ноты лесных ягод, малины, розового персика; вкус ягодный, изысканный, с нотками клубники, сушеной малины, миндаля и лесных орехов, умеренной сладостью и долгим минеральным послевкусием. Хорошо к лёгким десертам, фруктам, мягким сырам.",Новый Свет. Дом шампанских вин,novyy-svet-dom-shampanskih-vin-rossiyskoe-shampanskoe-kollektsionnoe-polusuhoe-rozovoe-novyy-svet-pino-nuar-125,novyy-svet-dom-shampanskih-vin-rossiyskoe-shampanskoe-kollektsionnoe-polusuhoe-rozovoe-novyy-svet-pino-nuar-125.webp,https://vino-svoe.ru/wines/novyy-svet-dom-shampanskih-vin-rossiyskoe-shampanskoe-kollektsionnoe-polusuhoe-rozovoe-novyy-svet-pino-nuar-125,novyy-svet-dom-shampanskih-vin-rossiyskoe-shampanskoe-kollektsionnoe-polusuhoe-rozovoe-novyy-svet-pino-nuar-125.webp,да,novyy_svet_dom_shampanskih_vin_rossiyskoe_shampanskoe_kollektsionnoe_polusuhoe_rozovoe_novyy_svet_pino_nuar_125_815a1c3374.webp,https://api.vino-svoe.ru/v1/img/str-api/1920/1920/resize/uploads/novyy_svet_dom_shampanskih_vin_rossiyskoe_shampanskoe_kollektsionnoe_polusuhoe_rozovoe_novyy_svet_pino_nuar_125_815a1c3374.webp,2026-06-04T10:03:54.000Z,совпадает,полное соответствие,wines_images,,161,620,161x620,17.6,,
мелкое изображение (< 200 px),Шато Тамань Резерв Каберне Лимитед Эдишн 2022,Красное,Вино глубокого рубиново-красного цвета.,Кубань,Каберне Совиньон,"Вкус вина насыщенный, экстрактивный, сбалансированный, с прочной структурой, нотами черных ягод, спелых фруктов, дуба и длительным, стойким послевкусием.",Кубань-Вино,kuban-vino-shato-tamane-rezerv-kaberne-limited-edishn-2022-kaberne-sovinon-krasnoe-suhoe-14,kuban-vino-shato-tamane-rezerv-kaberne-limited-edishn-2022-kaberne-sovinon-krasnoe-suhoe-14.webp,https://vino-svoe.ru/wines/kuban-vino-shato-tamane-rezerv-kaberne-limited-edishn-2022-kaberne-sovinon-krasnoe-suhoe-14,kuban-vino-shato-tamane-rezerv-kaberne-limited-edishn-2022-kaberne-sovinon-krasnoe-suhoe-14.webp,да,kuban_vino_shato_tamane_rezerv_kaberne_limited_edishn_2022_kaberne_sovinon_krasnoe_suhoe_14_93a50f2cf1.webp,https://api.vino-svoe.ru/v1/img/str-api/1920/1920/resize/uploads/kuban_vino_shato_tamane_rezerv_kaberne_limited_edishn_2022_kaberne_sovinon_krasnoe_suhoe_14_93a50f2cf1.webp,2026-06-11T12:36:57.000Z,совпадает,полное соответствие,wines_images,,161,589,161x589,7.3,,
мелкое изображение (< 200 px),ICE Wine Рислинг,Белое,Медовый,Кубань,Рислинг Рейнский,"Вкус: Фруктово-цветочный. Фруктово-медовые ноты, с тонами персика, груши, белых цветов в аромате и вкусе.",Шато Пино,shato-pino-ice-wine-risling-risling-reynskiy-beloe-sladkoe-11,shato-pino-ice-wine-risling-risling-reynskiy-beloe-sladkoe-11.webp,https://vino-svoe.ru/wines/shato-pino-ice-wine-risling-risling-reynskiy-beloe-sladkoe-11,shato-pino-ice-wine-risling-risling-reynskiy-beloe-sladkoe-11.webp,да,shato_pino_ice_wine_risling_risling_reynskiy_beloe_sladkoe_11_003c1461e3.webp,https://api.vino-svoe.ru/v1/img/str-api/1920/1920/resize/uploads/shato_pino_ice_wine_risling_risling_reynskiy_beloe_sladkoe_11_003c1461e3.webp,2026-01-12T11:44:57.000Z,совпадает,полное соответствие,wines_images,,162,1000,162x1000,24.4,,
мелкое изображение (< 200 px),Достойный,Красное,Гранатовый,Кубань,Достойный,"В аромате тона пряностей и красных ягод. Во вкусе оттенки черёмухи, продолжительное послевкусие, умеренная кислотность и ощутимые танины.",Собер Баш,sober-bash-dostoynyy-krasnoe-suhoe-14,sober-bash-dostoynyy-krasnoe-suhoe-14.webp,https://vino-svoe.ru/wines/sober-bash-dostoynyy-krasnoe-suhoe-14,sober-bash-dostoynyy-krasnoe-suhoe-14.webp,да,sober_bash_dostoynyy_krasnoe_suhoe_14_b2d3facf49.webp,https://api.vino-svoe.ru/v1/img/str-api/1920/1920/resize/uploads/sober_bash_dostoynyy_krasnoe_suhoe_14_b2d3facf49.webp,2026-04-02T11:33:23.000Z,совпадает,полное соответствие,wines_images,,166,700,166x700,17.0,,
мелкое изображение (< 200 px),Мускатель черный,Красное,Тёмно-рубиновый,Крым,Красные сорта винограда,"Аромат интенсивный: мускатные тона в сочетании с оттенками спелых красных фруктов; многогранный — вишня, слива, чернослив, кофе и шоколад; вкус бархатистый, с тонами тёмного шоколада, кофейно-лакричными нотами и лёгким послевкусием сушёного чернослива. К утке в ягодном соусе, шоколадным десертам, выдержанным сырам.",Массандра,massandra-muskatel-chernyy-krasnye-sorta-vinograda-krasnoe-sladkoe-16,massandra-muskatel-chernyy-krasnye-sorta-vinograda-krasnoe-sladkoe-16.webp,https://vino-svoe.ru/wines/massandra-muskatel-chernyy-krasnye-sorta-vinograda-krasnoe-sladkoe-16,massandra-muskatel-chernyy-krasnye-sorta-vinograda-krasnoe-sladkoe-16.webp,да,massandra_muskatel_chernyy_krasnye_sorta_vinograda_krasnoe_sladkoe_16_b35635608c.webp,https://api.vino-svoe.ru/v1/img/str-api/1920/1920/resize/uploads/massandra_muskatel_chernyy_krasnye_sorta_vinograda_krasnoe_sladkoe_16_b35635608c.webp,2026-06-05T09:31:28.000Z,совпадает,полное соответствие,wines_images,,167,700,167x700,14.2,,
мелкое изображение (< 200 px),Портвейн красный Алушта,Красное,Тёмно-рубиновый с коричневатым оттенком,Крым,Красные сорта винограда,"Аромат тёплый, с нотами тёмных ягод, вишни, шоколада и пряностей от выдержки в дубе; вкус богатый, тельное, с мягкими танинами и долгим тёплым послевкусием. К красному мясу, выдержанным сырам, тёмному шоколаду.",Массандра,massandra-portveyn-krasnyy-alushta-krasnye-sorta-vinograda-krasnoe-sladkoe-17,massandra-portveyn-krasnyy-alushta-krasnye-sorta-vinograda-krasnoe-sladkoe-17.webp,https://vino-svoe.ru/wines/massandra-portveyn-krasnyy-alushta-krasnye-sorta-vinograda-krasnoe-sladkoe-17,massandra-portveyn-krasnyy-alushta-krasnye-sorta-vinograda-krasnoe-sladkoe-17.webp,да,massandra_portveyn_krasnyy_alushta_krasnye_sorta_vinograda_krasnoe_sladkoe_17_15423ac1a3.webp,https://api.vino-svoe.ru/v1/img/str-api/1920/1920/resize/uploads/massandra_portveyn_krasnyy_alushta_krasnye_sorta_vinograda_krasnoe_sladkoe_17_15423ac1a3.webp,2026-06-05T09:31:28.000Z,совпадает,полное соответствие,wines_images,,167,700,167x700,14.5,,
мелкое изображение (< 200 px),Массандра Херес Ореадна,Белое,"Янтарно-золотистый, прозрачный",Крым,"Алиготе, Альбильо, Кокур","Выдержка под хересным флором даёт пикантный аромат с тонами жареного миндаля и грибными нотками; последующая выдержка в бочках добавляет ароматы сушёных яблок и пряных трав. Многогранный вкус с деликатным сухим финишем, выраженной солоноватостью и минеральными нюансами. Аперитив; к суши, тунцу, курице под ореховым соусом.",Массандра,massandra-massandra-heres-oreadna-aligote-beloe-suhoe-16,massandra-massandra-heres-oreadna-aligote-beloe-suhoe-16.webp,https://vino-svoe.ru/wines/massandra-massandra-heres-oreadna-aligote-beloe-suhoe-16,massandra-massandra-heres-oreadna-aligote-beloe-suhoe-16.webp,да,massandra_massandra_heres_oreadna_aligote_beloe_suhoe_16_efa1aed005.webp,https://api.vino-svoe.ru/v1/img/str-api/1920/1920/resize/uploads/massandra_massandra_heres_oreadna_aligote_beloe_suhoe_16_efa1aed005.webp,2026-06-04T10:08:06.000Z,совпадает,полное соответствие,wines_images,,168,700,168x700,14.4,,
мелкое изображение (< 200 px),Аристов 8 Розе 0.7,Розовое,Вино розового цвета.,Кубань,Мерло,"Элегантный, чистый, легкий вкус вина раскрывается фруктово-цветочными оттенками и приятным послевкусием.",Кубань-Вино,kuban-vino-aristov-8-roze-07-merlo-rozovoe-suhoe-8,kuban-vino-aristov-8-roze-07-merlo-rozovoe-suhoe-8.webp,https://vino-svoe.ru/wines/kuban-vino-aristov-8-roze-07-merlo-rozovoe-suhoe-8,kuban-vino-aristov-8-roze-07-merlo-rozovoe-suhoe-8.webp,да,kuban_vino_aristov_8_roze_07_merlo_rozovoe_suhoe_8_59ddc8b8bd.webp,https://api.vino-svoe.ru/v1/img/str-api/1920/1920/resize/uploads/kuban_vino_aristov_8_roze_07_merlo_rozovoe_suhoe_8_59ddc8b8bd.webp,2026-06-05T09:44:18.000Z,совпадает,полное соответствие,wines_images,,169,730,169x730,14.1,,
мелкое изображение (< 200 px),Мускат позднего сбора розовый,Розовое,Нежно-розовое,Крым,Мускат Розовый,"
«Мускат позднего сбора» розовое
Сладкое розовое вино ЗГУ Крым
Золото
Золото
5
Серебро
Серебро
4
Бронза
Бронза
5
Все награды
Сладкое вино из сорта Мускат розовый – легенда виноделия Южного берега Крыма. Вина из винограда, собранного в конце октября или начале ноября, создавались в «Алупке» и «Гурзуфе». Стилистика уникального вина была воссоздана в урожаях начиная с 2016 года на массандровской винодельне «Гурзуф».

Виноград собирают при высоком уровне сахаристости, в частично заизюмленном виде. Благодаря высокому содержанию сахара сусло получается тягучим, как мёд. Брожение осуществляется при низких температурах, что позволяет сохранить яркую ароматику, а для сохранения высокой остаточной сахаристости практикуется остановка брожения холодом.

Вино нежно-розового цвета с легким персиковым оттенком. В аромате сложная гамма цветочных и фруктовых тонов, цветущего розового сада. Во вкусе гармоничное, округлое, с оттенком варенья из лепестков розы, малинового конфитюра, спелых красных садовых ягод, деликатное послевкусие с нотами барбариса.

Виноград собирается вручную в частично подвяленном виде при сахаристости в ягоде не ниже 31%. Брожение осуществляется при низких температурах, что позволяет сохранить яркую ароматику. Остановка брожения осуществляется холодом для сохранения остаточной сахаристости.",Массандра,muskat-pozdnego-sbora-rozovyj,4290_zDKbOVA-no-bg-preview (carve.photos).webp,https://vino-svoe.ru/wines/muskat-pozdnego-sbora-rozovyj,muskat-pozdnego-sbora-rozovyj.webp,да,4290_z_D_Kb_OVA_no_bg_preview_carve_photos_6bdfe80e27.webp,https://api.vino-svoe.ru/v1/img/str-api/1920/1920/resize/uploads/4290_z_D_Kb_OVA_no_bg_preview_carve_photos_6bdfe80e27.webp,2026-02-23T16:25:19.000Z,совпадает,полное соответствие,svoe-vino-images,26x156,169,1000,169x1000,23.9,,
мелкое изображение (< 200 px),Портвейн белый Алушта,Белое,"Золотистый, янтарный",Крым,Белые сорта винограда,"Аромат тёплый, с нотами сухофруктов, ванили и лёгкой пряности; вкус гармоничный, с ореховыми оттенками и приятной сладостью. Хорошо к фруктовым десертам, орехам, мягким сырам.",Массандра,massandra-portveyn-belyy-alushta-belye-sorta-vinograda-beloe-sladkoe-17,massandra-portveyn-belyy-alushta-belye-sorta-vinograda-beloe-sladkoe-17.webp,https://vino-svoe.ru/wines/massandra-portveyn-belyy-alushta-belye-sorta-vinograda-beloe-sladkoe-17,massandra-portveyn-belyy-alushta-belye-sorta-vinograda-beloe-sladkoe-17.webp,да,massandra_portveyn_belyy_alushta_belye_sorta_vinograda_beloe_sladkoe_17_ab89a72383.webp,https://api.vino-svoe.ru/v1/img/str-api/1920/1920/resize/uploads/massandra_portveyn_belyy_alushta_belye_sorta_vinograda_beloe_sladkoe_17_ab89a72383.webp,2026-06-05T09:31:27.000Z,совпадает,полное соответствие,wines_images,,169,700,169x700,14.7,,
мелкое изображение (< 200 px),Аристов 8 Бьянко 0.7,Белое,Вино светло-соломенного цвета.,Кубань,Шардоне,"Вино демонстрирует изысканный, легкий вкус с фруктово-цветочными оттенками и приятной кислинкой в сдержанном послевкусии.",Кубань-Вино,kuban-vino-aristov-8-byanko-07-shardone-beloe-suhoe-8,kuban-vino-aristov-8-byanko-07-shardone-beloe-suhoe-8.webp,https://vino-svoe.ru/wines/kuban-vino-aristov-8-byanko-07-shardone-beloe-suhoe-8,kuban-vino-aristov-8-byanko-07-shardone-beloe-suhoe-8.webp,да,kuban_vino_aristov_8_byanko_07_shardone_beloe_suhoe_8_b4ce26c4c3.webp,https://api.vino-svoe.ru/v1/img/str-api/1920/1920/resize/uploads/kuban_vino_aristov_8_byanko_07_shardone_beloe_suhoe_8_b4ce26c4c3.webp,2026-06-05T09:44:18.000Z,совпадает,полное соответствие,wines_images,,170,730,170x730,12.6,,
мелкое изображение (< 200 px),Шереметьевские Погреба Каберне Совиньон,Красное,Вино насыщенного; яркого рубинового цвета.,Кубань,Каберне Совиньон,"Приятный, мягкий, сбалансированный вкус вина обладает характерными фруктово-ягодными тонами. Послевкусие теплое, пряное, немного терпкое.",Союз-Вино,soyuz-vino-sheremetevskie-pogreba-kaberne-sovinon-krasnoe-suhoe-11,soyuz-vino-sheremetevskie-pogreba-kaberne-sovinon-krasnoe-suhoe-11.webp,https://vino-svoe.ru/wines/soyuz-vino-sheremetevskie-pogreba-kaberne-sovinon-krasnoe-suhoe-11,soyuz-vino-sheremetevskie-pogreba-kaberne-sovinon-krasnoe-suhoe-11.webp,да,soyuz_vino_sheremetevskie_pogreba_kaberne_sovinon_krasnoe_suhoe_11_06a2c8cff1.webp,https://api.vino-svoe.ru/v1/img/str-api/1920/1920/resize/uploads/soyuz_vino_sheremetevskie_pogreba_kaberne_sovinon_krasnoe_suhoe_11_06a2c8cff1.webp,2026-06-05T09:33:58.000Z,совпадает,полное соответствие,wines_images,,170,700,170x700,12.7,,
мелкое изображение (< 200 px),Inkerman Шато Руж,Красное,Красно-рубиновый,Крым,"Каберне Совиньон, Мерло, Пино Нуар","Аромат фруктовый с оттенками смородины и вишни, вкус гармоничный, ягодно-фруктовый, с умеренной свежестью и приятной терпкостью.
",Инкерманский ЗМВ,inkerman-shato-ruzh,Инкерман Шато Руж.webp,https://vino-svoe.ru/wines/inkerman-shato-ruzh,inkerman-shato-ruzh.webp,да,Inkerman_Shato_Ruzh_85fa6ee9ce.webp,https://api.vino-svoe.ru/v1/img/str-api/1920/1920/resize/uploads/Inkerman_Shato_Ruzh_85fa6ee9ce.webp,2026-08-05T10:58:48.000Z,транслитерация,полное соответствие,wines_images,,171,608,171x608,14.0,,
мелкое изображение (< 200 px),Аристов Рислинг,Белое,Цвет вина колеблется от светло-соломенного до светло-золотистого.,Кубань,Рислинг,"Вкус вина яркий, пикантный, освежающий, с повторяющими аромат фруктовыми и растительными оттенками, легкими минеральными нюансами и сочным послевкусием с бодрящей кислинкой.",Кубань-Вино,kuban-vino-aristov-risling-beloe-suhoe-115,kuban-vino-aristov-risling-beloe-suhoe-115.webp,https://vino-svoe.ru/wines/kuban-vino-aristov-risling-beloe-suhoe-115,kuban-vino-aristov-risling-beloe-suhoe-115.webp,да,kuban_vino_aristov_risling_beloe_suhoe_115_137cf12705.webp,https://api.vino-svoe.ru/v1/img/str-api/1920/1920/resize/uploads/kuban_vino_aristov_risling_beloe_suhoe_115_137cf12705.webp,2026-06-05T09:42:24.000Z,совпадает,полное соответствие,wines_images,,171,733,171x733,11.1,,
мелкое изображение (< 200 px),Шереметьевские Погреба Белое Полусладкое,Белое,Вино блестящего золотистого цвета.,Кубань,Белые сорта винограда,"Простой, легкий вкус вина демонстрирует приятную сладость и нежную кислинку. Освежающее послевкусие наполнено нотками садовых фруктов и цветочного нектара.",Союз-Вино,soyuz-vino-sheremetevskie-pogreba-beloe-polusladkoe-belye-sorta-vinograda-11,soyuz-vino-sheremetevskie-pogreba-beloe-polusladkoe-belye-sorta-vinograda-11.webp,https://vino-svoe.ru/wines/soyuz-vino-sheremetevskie-pogreba-beloe-polusladkoe-belye-sorta-vinograda-11,soyuz-vino-sheremetevskie-pogreba-beloe-polusladkoe-belye-sorta-vinograda-11.webp,да,soyuz_vino_sheremetevskie_pogreba_beloe_polusladkoe_belye_sorta_vinograda_11_57623452c6.webp,https://api.vino-svoe.ru/v1/img/str-api/1920/1920/resize/uploads/soyuz_vino_sheremetevskie_pogreba_beloe_polusladkoe_belye_sorta_vinograda_11_57623452c6.webp,2026-06-05T09:32:27.000Z,совпадает,полное соответствие,wines_images,,171,700,171x700,13.0,,
мелкое изображение (< 200 px),Шереметьевские Погреба Шардоне,Белое,Вино соломенного цвета с зеленоватым оттенком.,Кубань,Шардоне,"Мягкий, нежный, гармоничный вкус вина обладает свежей кислотностью и цветочно-фруктовым послевкусием.",Союз-Вино,soyuz-vino-sheremetevskie-pogreba-shardone-beloe-suhoe-11,soyuz-vino-sheremetevskie-pogreba-shardone-beloe-suhoe-11.webp,https://vino-svoe.ru/wines/soyuz-vino-sheremetevskie-pogreba-shardone-beloe-suhoe-11,soyuz-vino-sheremetevskie-pogreba-shardone-beloe-suhoe-11.webp,да,soyuz_vino_sheremetevskie_pogreba_shardone_beloe_suhoe_11_82e0049185.webp,https://api.vino-svoe.ru/v1/img/str-api/1920/1920/resize/uploads/soyuz_vino_sheremetevskie_pogreba_shardone_beloe_suhoe_11_82e0049185.webp,2026-06-05T09:33:58.000Z,совпадает,полное соответствие,wines_images,,171,700,171x700,13.1,,
мелкое изображение (< 200 px),Аристов Верде,Белое,Имеет светло-соломенный цвет с тонкими штрихами зеленого луга.,Кубань,Мускат,"Вкус питкий, чистый, мягкий, с освежающей кислинкой и сочным послевкусием с цветочными нюансами.",Кубань-Вино,kuban-vino-aristov-verde-muskat-beloe-polusuhoe-11,kuban-vino-aristov-verde-muskat-beloe-polusuhoe-11.webp,https://vino-svoe.ru/wines/kuban-vino-aristov-verde-muskat-beloe-polusuhoe-11,kuban-vino-aristov-verde-muskat-beloe-polusuhoe-11.webp,да,kuban_vino_aristov_verde_muskat_beloe_polusuhoe_11_3240688a5c.webp,https://api.vino-svoe.ru/v1/img/str-api/1920/1920/resize/uploads/kuban_vino_aristov_verde_muskat_beloe_polusuhoe_11_3240688a5c.webp,2026-06-05T09:42:22.000Z,совпадает,полное соответствие,wines_images,,172,733,172x733,9.1,,
мелкое изображение (< 200 px),Сибирьковый,Белое,Светло-соломенный,Долина Дона,Сибирьковый,"В аромате тона цветов акации, лайма, зеленого яблока, тропических фруктов, с легкими сливочными нюансами и яркой минеральностью. Вкус насыщенный, свежий, с нотами зеленого яблока, скошенной травы, минеральными тонами и легкой грейпфрутовой горчинкой. В послевкусии нюансы цукатов и грейпфрута.",Ведерниковъ,vinodelnya-vedernikov-sibirkovyy-beloe-suhoe-11,vinodelnya-vedernikov-sibirkovyy-beloe-suhoe-11.webp,https://vino-svoe.ru/wines/vinodelnya-vedernikov-sibirkovyy-beloe-suhoe-11,vinodelnya-vedernikov-sibirkovyy-beloe-suhoe-11.webp,да,vinodelnya_vedernikov_sibirkovyy_beloe_suhoe_11_1b751f8d90.webp,https://api.vino-svoe.ru/v1/img/str-api/1920/1920/resize/uploads/vinodelnya_vedernikov_sibirkovyy_beloe_suhoe_11_1b751f8d90.webp,2026-04-02T12:45:32.000Z,совпадает,полное соответствие,wines_images,,172,620,172x620,20.3,,
мелкое изображение (< 200 px),Лакрима Кристи,Красное,"Тёмно-рубиновый, густой",Крым,Алеатико,"Аромат насыщенный, ягодный — тёмные ягоды, шоколад, сухофрукты; вкус тельное, богатое, бархатистое, с мягкими танинами, нотами вишни и шоколадного конфитюра. К шоколадным десертам, зрелым сырам, утке и мясным паштетам.",Массандра,massandra-lakrima-kristi-aleatiko-krasnoe-sladkoe-16,massandra-lakrima-kristi-aleatiko-krasnoe-sladkoe-16.webp,https://vino-svoe.ru/wines/massandra-lakrima-kristi-aleatiko-krasnoe-sladkoe-16,massandra-lakrima-kristi-aleatiko-krasnoe-sladkoe-16.webp,да,massandra_lakrima_kristi_aleatiko_krasnoe_sladkoe_16_2a990c55e6.webp,https://api.vino-svoe.ru/v1/img/str-api/1920/1920/resize/uploads/massandra_lakrima_kristi_aleatiko_krasnoe_sladkoe_16_2a990c55e6.webp,2026-06-04T10:11:36.000Z,совпадает,полное соответствие,wines_images,,173,700,173x700,16.1,,
мелкое изображение (< 200 px),Шереметьевские Погреба Красное Полусладкое,Красное,Вино насыщенного рубинового цвета.,Кубань,Красные сорта винограда,"Приятный, мягкий вкус вина демонстрирует восхитительные тона сладких зрелых ягод. Терпкость практически отсутствует в послевкусии, оставляя легкий намек ароматной груши.",Союз-Вино,soyuz-vino-sheremetevskie-pogreba-krasnoe-polusladkoe-krasnye-sorta-vinograda-11,soyuz-vino-sheremetevskie-pogreba-krasnoe-polusladkoe-krasnye-sorta-vinograda-11.webp,https://vino-svoe.ru/wines/soyuz-vino-sheremetevskie-pogreba-krasnoe-polusladkoe-krasnye-sorta-vinograda-11,soyuz-vino-sheremetevskie-pogreba-krasnoe-polusladkoe-krasnye-sorta-vinograda-11.webp,да,soyuz_vino_sheremetevskie_pogreba_krasnoe_polusladkoe_krasnye_sorta_vinograda_11_c720c471ab.webp,https://api.vino-svoe.ru/v1/img/str-api/1920/1920/resize/uploads/soyuz_vino_sheremetevskie_pogreba_krasnoe_polusladkoe_krasnye_sorta_vinograda_11_c720c471ab.webp,2026-06-05T09:32:28.000Z,совпадает,полное соответствие,wines_images,,174,702,174x702,13.1,,
мелкое изображение (< 200 px),Кагор Южнобережный,Красное,"Тёмно-гранатовый, густой",Крым,Саперави,"Аромат тёплый, насыщенный, с нотами чернослива, шоколада и дубовой пряности — результат выдержки в бочках свыше трёх лет; вкус гармоничный, полное, бархатистое, с нотами тёмных ягод, черносмородинового джема и ванили. К шоколадным десертам, куличам, зрелым сырам.",Массандра,massandra-kagor-yuzhnoberezhnyy-saperavi-krasnoe-sladkoe-16,massandra-kagor-yuzhnoberezhnyy-saperavi-krasnoe-sladkoe-16.webp,https://vino-svoe.ru/wines/massandra-kagor-yuzhnoberezhnyy-saperavi-krasnoe-sladkoe-16,massandra-kagor-yuzhnoberezhnyy-saperavi-krasnoe-sladkoe-16.webp,да,massandra_kagor_yuzhnoberezhnyy_saperavi_krasnoe_sladkoe_16_3299446389.webp,https://api.vino-svoe.ru/v1/img/str-api/1920/1920/resize/uploads/massandra_kagor_yuzhnoberezhnyy_saperavi_krasnoe_sladkoe_16_3299446389.webp,2026-06-04T10:08:06.000Z,совпадает,полное соответствие,wines_images,,175,700,175x700,17.2,,
мелкое изображение (< 200 px),Шато Тамань Деликейт Розе 2024,Розовое,Имеет розово-лососевый цвет.,Кубань,"Бианка, Каберне Совиньон, Шардоне","Привлекает мягким, чистым, освежающим вкусом с ягодно-цитрусовой сердцевиной и пикантной кислинкой в сдержанном послевкусии.",Кубань-Вино,kuban-vino-shato-tamane-delikeyt-roze-2024-bianka-rozovoe-suhoe-95,kuban-vino-shato-tamane-delikeyt-roze-2024-bianka-rozovoe-suhoe-95.webp,https://vino-svoe.ru/wines/kuban-vino-shato-tamane-delikeyt-roze-2024-bianka-rozovoe-suhoe-95,kuban-vino-shato-tamane-delikeyt-roze-2024-bianka-rozovoe-suhoe-95.webp,да,kuban_vino_shato_tamane_delikeyt_roze_2024_bianka_rozovoe_suhoe_95_ba22a88d2e.webp,https://api.vino-svoe.ru/v1/img/str-api/1920/1920/resize/uploads/kuban_vino_shato_tamane_delikeyt_roze_2024_bianka_rozovoe_suhoe_95_ba22a88d2e.webp,2026-06-11T12:42:37.000Z,совпадает,полное соответствие,wines_images,,175,750,175x750,9.5,,
мелкое изображение (< 200 px),Inkerman Мускатное белое,Белое,Светло-золотистый,Крым,"Мускат Янтарный, Ркацители","Аромат тонкий, с нотками экзотических цветов, персика и цитрона, вкус гармоничный, мягкий.
",Инкерманский ЗМВ,inkerman-muskatnoe-beloe,Inkerman мускатное белое полусладкое.webp,https://vino-svoe.ru/wines/inkerman-muskatnoe-beloe,inkerman-muskatnoe-beloe.webp,да,Inkerman_muskatnoe_beloe_polusladkoe_092002be0d.webp,https://api.vino-svoe.ru/v1/img/str-api/1920/1920/resize/uploads/Inkerman_muskatnoe_beloe_polusladkoe_092002be0d.webp,2026-08-05T11:27:04.000Z,транслитерация,полное соответствие,wines_images,,176,614,176x614,14.0,,
мелкое изображение (< 200 px),Аристов Каберне Совиньон,Красное,Цвет вина колеблется от насыщенного красно-рубинового до темно-гранатового.,Кубань,Каберне Совиньон,"Вкус вина свежий, яркий, сочный, с мягкой кислотностью и насыщенным, долгим фруктово-ягодным послевкусием.",Кубань-Вино,kuban-vino-aristov-kaberne-sovinon-krasnoe-suhoe-13,kuban-vino-aristov-kaberne-sovinon-krasnoe-suhoe-13.webp,https://vino-svoe.ru/wines/kuban-vino-aristov-kaberne-sovinon-krasnoe-suhoe-13,kuban-vino-aristov-kaberne-sovinon-krasnoe-suhoe-13.webp,да,kuban_vino_aristov_kaberne_sovinon_krasnoe_suhoe_13_5e123aa5be.webp,https://api.vino-svoe.ru/v1/img/str-api/1920/1920/resize/uploads/kuban_vino_aristov_kaberne_sovinon_krasnoe_suhoe_13_5e123aa5be.webp,2026-06-05T09:42:25.000Z,совпадает,полное соответствие,wines_images,,176,733,176x733,11.2,,
мелкое изображение (< 200 px),Кокур десертный Сурож,Белое,Янтарно-золотистый с лёгким зеленоватым оттенком,Крым,Кокур,"Чистый аромат крымского автохтона — белые цветы, персик, ноты мёда и спелых косточковых фруктов; вкус богатый, сладкий, с нотами абрикоса, дюшеса и мёда, долгим послевкусием. К фруктовым десертам, пирогам с курагой, мягким сырам.",Массандра,massandra-kokur-desertnyy-surozh-beloe-sladkoe-16,massandra-kokur-desertnyy-surozh-beloe-sladkoe-16.webp,https://vino-svoe.ru/wines/massandra-kokur-desertnyy-surozh-beloe-sladkoe-16,massandra-kokur-desertnyy-surozh-beloe-sladkoe-16.webp,да,massandra_kokur_desertnyy_surozh_beloe_sladkoe_16_ffabb4dfbc.webp,https://api.vino-svoe.ru/v1/img/str-api/1920/1920/resize/uploads/massandra_kokur_desertnyy_surozh_beloe_sladkoe_16_ffabb4dfbc.webp,2026-06-04T10:11:35.000Z,совпадает,полное соответствие,wines_images,,177,700,177x700,20.6,,
мелкое изображение (< 200 px),Бастардо,Красное,Тёмно-рубиновый с фиолетовым оттенком,Крым,Бастардо Магарачский,"Аромат мускатный, интенсивный, с нотами чёрной смородины, вишни, сливы и шоколада; вкус тельное, округлое, с мягкими танинами, нотами вишневого конфитюра и долгим шоколадным послевкусием. Хорошо к шоколадным десертам, утке в ягодном соусе, мясным паштетам и зрелым сырам.",Массандра,massandra-bastardo-bastardo-magarachskiy-krasnoe-sladkoe-16,massandra-bastardo-bastardo-magarachskiy-krasnoe-sladkoe-16.webp,https://vino-svoe.ru/wines/massandra-bastardo-bastardo-magarachskiy-krasnoe-sladkoe-16,massandra-bastardo-bastardo-magarachskiy-krasnoe-sladkoe-16.webp,да,massandra_bastardo_bastardo_magarachskiy_krasnoe_sladkoe_16_c111755788.webp,https://api.vino-svoe.ru/v1/img/str-api/1920/1920/resize/uploads/massandra_bastardo_bastardo_magarachskiy_krasnoe_sladkoe_16_c111755788.webp,2026-06-04T10:08:06.000Z,совпадает,полное соответствие,wines_images,,178,700,178x700,20.1,,
мелкое изображение (< 200 px),Premium Sangiovese,Красное,Рубиновый с гранатовым отливом,Крым,Санджовезе,"Аромат с нотами красных ягод — вишни, сливы — кожи и лёгкими пряными акцентами; вкус средней полноты, с живой кислотностью, элегантными танинами и длинным фруктово-пряным послевкусием. К томатным пастам, пицце, мясным блюдам, твёрдым итальянским сырам.",Массандра,massandra-premium-sangiovese-sandzhoveze-krasnoe-suhoe-13,massandra-premium-sangiovese-sandzhoveze-krasnoe-suhoe-13.webp,https://vino-svoe.ru/wines/massandra-premium-sangiovese-sandzhoveze-krasnoe-suhoe-13,massandra-premium-sangiovese-sandzhoveze-krasnoe-suhoe-13.webp,да,massandra_premium_sangiovese_sandzhoveze_krasnoe_suhoe_13_9ec620eaff.webp,https://api.vino-svoe.ru/v1/img/str-api/1920/1920/resize/uploads/massandra_premium_sangiovese_sandzhoveze_krasnoe_suhoe_13_9ec620eaff.webp,2026-06-05T09:31:28.000Z,совпадает,полное соответствие,wines_images,,180,621,180x621,12.3,,
мелкое изображение (< 200 px),Пино нуар Пи,Красное,Гранатовый,Крым,Пино Нуар,"В аромате малина, брусника, вишневый конфитюр, корица, гвоздика, кориандр, шоколадные и дымные ноты, лавровый лист. Во вкусе высокая кислотность, танины средние, бархатистые, тело среднее, послевкусие длительное.",Le K2,le-k2-pino-nuar-pi-krasnoe-suhoe-133,le-k2-pino-nuar-pi-krasnoe-suhoe-133.webp,https://vino-svoe.ru/wines/le-k2-pino-nuar-pi-krasnoe-suhoe-133,le-k2-pino-nuar-pi-krasnoe-suhoe-133.webp,да,le_k2_pino_nuar_pi_krasnoe_suhoe_133_12e71c8c98.webp,https://api.vino-svoe.ru/v1/img/str-api/1920/1920/resize/uploads/le_k2_pino_nuar_pi_krasnoe_suhoe_133_12e71c8c98.webp,2026-04-02T11:37:05.000Z,совпадает,полное соответствие,wines_images,,180,656,180x656,14.3,,
мелкое изображение (< 200 px),Инкерман Шато Блан,Белое,Золотистый,Крым,Алиготе,"Вкус вина легкий, свежий, с ненавязчивой, гармоничной сладостью. Вино обладает тонким ароматом с оттенками белых цветов.
",Инкерманский ЗМВ,inkerman-shato-blan,Inkerman Шато Блан белое полусухое.webp,https://vino-svoe.ru/wines/inkerman-shato-blan,inkerman-shato-blan.webp,да,Inkerman_Shato_Blan_beloe_polusuhoe_526e6530b9.webp,https://api.vino-svoe.ru/v1/img/str-api/1920/1920/resize/uploads/Inkerman_Shato_Blan_beloe_polusuhoe_526e6530b9.webp,2026-08-05T11:29:41.000Z,транслитерация,полное соответствие,wines_images,,183,620,183x620,13.4,,
мелкое изображение (< 200 px),Maris Blanc de Noirs Extra Brut,Белое,Светло-соломенный,Кубань,Пино Нуар,"Богатый, многослойный аромат: спелая слива, персик, бисквитное тесто, затем нотки сливочного масла, земляники, мармелада из лесных ягод. Вкус многогранный, с преобладанием масла, солёного крекера, цедры лимона, высокой кислотностью и лёгкой минеральностью.
Рекомендуется к морепродуктам, рыбе, устрицам, белому мясу в сливочном соусе и мягким сырам.",Усадьба Дивноморское,usadba-divnomorskoe-maris-blanc-de-noirs-extra-brut-pino-nuar-beloe-ekstra-bryut-105,usadba-divnomorskoe-maris-blanc-de-noirs-extra-brut-pino-nuar-beloe-ekstra-bryut-105.webp,https://vino-svoe.ru/wines/usadba-divnomorskoe-maris-blanc-de-noirs-extra-brut-pino-nuar-beloe-ekstra-bryut-105,usadba-divnomorskoe-maris-blanc-de-noirs-extra-brut-pino-nuar-beloe-ekstra-bryut-105.webp,да,usadba_divnomorskoe_maris_blanc_de_noirs_extra_brut_pino_nuar_beloe_ekstra_bryut_105_800f5ad248.webp,https://api.vino-svoe.ru/v1/img/str-api/1920/1920/resize/uploads/usadba_divnomorskoe_maris_blanc_de_noirs_extra_brut_pino_nuar_beloe_ekstra_bryut_105_800f5ad248.webp,2026-06-03T23:49:00.000Z,совпадает,полное соответствие,wines_images,,184,675,184x675,17.6,,
мелкое изображение (< 200 px),Мосавали Саперави Полусладкое,Красное,У вина яркий гранатово-красный цвет.,Кубань,Саперави,"Вино отличается питким, приятным, гармоничным вкусом с мягкими танинами, тонкой кислинкой лесных ягод и деликатной сладостью зрелых фруктов. Послевкусие продолжительное, с нюансами ванили, пикантными штрихами перца и легким дымным тоном.",Союз-Вино,soyuz-vino-mosavali-saperavi-polusladkoe-krasnoe-11,soyuz-vino-mosavali-saperavi-polusladkoe-krasnoe-11-Photoroom.webp,https://vino-svoe.ru/wines/soyuz-vino-mosavali-saperavi-polusladkoe-krasnoe-11,soyuz-vino-mosavali-saperavi-polusladkoe-krasnoe-11.webp,да,soyuz_vino_mosavali_saperavi_polusladkoe_krasnoe_11_Photoroom_f236b93ec6.webp,https://api.vino-svoe.ru/v1/img/str-api/1920/1920/resize/uploads/soyuz_vino_mosavali_saperavi_polusladkoe_krasnoe_11_Photoroom_f236b93ec6.webp,2026-06-05T12:42:14.000Z,совпадает,полное соответствие,svoe-vino-images,39x156,184,732,184x732,23.0,,
мелкое изображение (< 200 px),Мосавали Саперави Сухое,Красное,Вино имеет темно-красный цвет.,Кубань,Саперави,"Питкий, сочный и насыщенный вкус вина отличается хорошей структурой и балансом, приятной танинной терпкостью и умеренной кислотностью. Во вкусовом аккорде солируют ноты черной смородины. Послевкусие долгое, сухое, с нюансами специй.",Союз-Вино,soyuz-vino-mosavali-saperavi-suhoe-krasnoe-11,soyuz-vino-mosavali-saperavi-suhoe-krasnoe-11.webp,https://vino-svoe.ru/wines/soyuz-vino-mosavali-saperavi-suhoe-krasnoe-11,soyuz-vino-mosavali-saperavi-suhoe-krasnoe-11.webp,да,soyuz_vino_mosavali_saperavi_suhoe_krasnoe_11_4664250a21.webp,https://api.vino-svoe.ru/v1/img/str-api/1920/1920/resize/uploads/soyuz_vino_mosavali_saperavi_suhoe_krasnoe_11_4664250a21.webp,2026-06-05T09:37:52.000Z,совпадает,полное соответствие,wines_images,,184,730,184x730,21.2,,
мелкое изображение (< 200 px),Саперави де Тамань,Красное,Цвет вина варьируется от рубинового до темно-гранатового.,Кубань,Саперави,"Вино обладает чистым, свежим, гармоничным, сочным вкусом с нотами черной смородины, специй и шоколада, характерными сырно-молочными тонами, приятной кислинкой и продолжительным послевкусием.",Кубань-Вино,kuban-vino-saperavi-de-tamane-krasnoe-suhoe-125,kuban-vino-saperavi-de-tamane-krasnoe-suhoe-125.webp,https://vino-svoe.ru/wines/kuban-vino-saperavi-de-tamane-krasnoe-suhoe-125,kuban-vino-saperavi-de-tamane-krasnoe-suhoe-125.webp,да,kuban_vino_saperavi_de_tamane_krasnoe_suhoe_125_66c688690c.webp,https://api.vino-svoe.ru/v1/img/str-api/1920/1920/resize/uploads/kuban_vino_saperavi_de_tamane_krasnoe_suhoe_125_66c688690c.webp,2026-06-11T12:45:04.000Z,совпадает,полное соответствие,wines_images,,185,750,185x750,9.8,,
мелкое изображение (< 200 px),Высокий Берег Мерло,Красное,Вино полупрозрачного рубинового цвета.,Кубань,Мерло,"Мягкий, хорошо сбалансированный вкус вина завораживает округлыми танинами и красивой композицией из оттенков черных ягод, сладких специй и шоколада.",Кубань-Вино,kuban-vino-vysokiy-bereg-merlo-krasnoe-suhoe-135,kuban-vino-vysokiy-bereg-merlo-krasnoe-suhoe-135.webp,https://vino-svoe.ru/wines/kuban-vino-vysokiy-bereg-merlo-krasnoe-suhoe-135,kuban-vino-vysokiy-bereg-merlo-krasnoe-suhoe-135.webp,да,kuban_vino_vysokiy_bereg_merlo_krasnoe_suhoe_135_d7f7724ccd.webp,https://api.vino-svoe.ru/v1/img/str-api/1920/1920/resize/uploads/kuban_vino_vysokiy_bereg_merlo_krasnoe_suhoe_135_d7f7724ccd.webp,2026-06-05T09:39:49.000Z,совпадает,полное соответствие,wines_images,,186,700,186x700,14.7,,
мелкое изображение (< 200 px),Rose,Розовое,Бледно-лососевый с оттенками лепестков роз,Кубань,"Вионье, Марселан, Сира","Нежный, деликатный аромат клубники, цветков граната, красной смородины и барбариса. Вкус изысканный и хорошо сбалансированный, освежающий с лёгким ягодным послевкусием.
Превосходный аперитив, сочетается с морепродуктами, белой рыбой, зелёными салатами, птицей, мягкими сырами.",Усадьба Дивноморское,usadba-divnomorskoe-rose-vione-rozovoe-suhoe-125,usadba-divnomorskoe-rose-vione-rozovoe-suhoe-125.webp,https://vino-svoe.ru/wines/usadba-divnomorskoe-rose-vione-rozovoe-suhoe-125,usadba-divnomorskoe-rose-vione-rozovoe-suhoe-125.webp,да,usadba_divnomorskoe_rose_vione_rozovoe_suhoe_125_cc6f84dbad.webp,https://api.vino-svoe.ru/v1/img/str-api/1920/1920/resize/uploads/usadba_divnomorskoe_rose_vione_rozovoe_suhoe_125_cc6f84dbad.webp,2026-06-03T23:49:00.000Z,совпадает,полное соответствие,wines_images,,188,639,188x639,7.7,,
мелкое изображение (< 200 px); дубль изображения,Аристов Каберне Совиньон Розе,Розовое,Цвет вина меняется в бокале от бледно-розового до светло-малинового; с различной интенсивностью от центра к кайме.,Кубань,Каберне Совиньон,"Вкус вина свежий, легкий, с мягкой кислотностью и минеральным послевкусием.",Кубань-Вино,kuban-vino-aristov-kaberne-sovinon-roze-rozovoe-suhoe-12,kuban-vino-aristov-kaberne-sovinon-roze-rozovoe-suhoe-12.webp,https://vino-svoe.ru/wines/kuban-vino-aristov-kaberne-sovinon-roze-rozovoe-suhoe-12,kuban-vino-aristov-kaberne-sovinon-roze-rozovoe-suhoe-12.webp,да,kuban_vino_aristov_kaberne_sovinon_roze_rozovoe_suhoe_12_486d2e1918.webp,https://api.vino-svoe.ru/v1/img/str-api/1920/1920/resize/uploads/kuban_vino_aristov_kaberne_sovinon_roze_rozovoe_suhoe_12_486d2e1918.webp,2026-06-05T09:44:17.000Z,совпадает,полное соответствие,wines_images,,188,733,188x733,17.5,файл идентичен,kuban-vino-aristov-kaberne-sovinon-roze-2020-rozovoe-suhoe-12
мелкое изображение (< 200 px); дубль изображения,Аристов Каберне Совиньон Розе 2020,Розовое,Имеет розово-малиновый цвет с более светлым ободом.,Кубань,Каберне Совиньон,"Демонстрирует питкий, легкий, мягкий, свежий вкус с фруктово-ягодными акцентами, живой кислинкой и сдержанным послевкусием.",Кубань-Вино,kuban-vino-aristov-kaberne-sovinon-roze-2020-rozovoe-suhoe-12,kuban-vino-aristov-kaberne-sovinon-roze-2020-rozovoe-suhoe-12.webp,https://vino-svoe.ru/wines/kuban-vino-aristov-kaberne-sovinon-roze-2020-rozovoe-suhoe-12,kuban-vino-aristov-kaberne-sovinon-roze-2020-rozovoe-suhoe-12.webp,да,kuban_vino_aristov_kaberne_sovinon_roze_2020_rozovoe_suhoe_12_0f93b0dc29.webp,https://api.vino-svoe.ru/v1/img/str-api/1920/1920/resize/uploads/kuban_vino_aristov_kaberne_sovinon_roze_2020_rozovoe_suhoe_12_0f93b0dc29.webp,2026-06-05T09:42:26.000Z,совпадает,полное соответствие,wines_images,,188,733,188x733,17.5,файл идентичен,kuban-vino-aristov-kaberne-sovinon-roze-rozovoe-suhoe-12
мелкое изображение (< 200 px),Красностоп де Тамань,Красное,Вино темно-рубинового цвета с гранатовым оттенком.,Кубань,Красностоп Анапский,"Вино обладает богатым, насыщенным, свежим вкусом с тонами черной смородины и чернослива.",Кубань-Вино,kuban-vino-krasnostop-de-tamane-krasnostop-anapskiy-krasnoe-suhoe-13,kuban-vino-krasnostop-de-tamane-krasnostop-anapskiy-krasnoe-suhoe-13.webp,https://vino-svoe.ru/wines/kuban-vino-krasnostop-de-tamane-krasnostop-anapskiy-krasnoe-suhoe-13,kuban-vino-krasnostop-de-tamane-krasnostop-anapskiy-krasnoe-suhoe-13.webp,да,kuban_vino_krasnostop_de_tamane_krasnostop_anapskiy_krasnoe_suhoe_13_84762b109b.webp,https://api.vino-svoe.ru/v1/img/str-api/1920/1920/resize/uploads/kuban_vino_krasnostop_de_tamane_krasnostop_anapskiy_krasnoe_suhoe_13_84762b109b.webp,2026-06-11T12:44:28.000Z,совпадает,полное соответствие,wines_images,,189,730,189x730,15.9,,
мелкое изображение (< 200 px),Шато Тамань Шардоне,Белое,Вино соломенного цвета.,Кубань,Шардоне,"Вкус вина свежий, легкий, гармоничный, со сбалансированной кислотностью и освежающим послевкусием.",Кубань-Вино,kuban-vino-shato-tamane-shardone-beloe-suhoe-12,kuban-vino-shato-tamane-shardone-beloe-suhoe-12.webp,https://vino-svoe.ru/wines/kuban-vino-shato-tamane-shardone-beloe-suhoe-12,kuban-vino-shato-tamane-shardone-beloe-suhoe-12.webp,да,kuban_vino_shato_tamane_shardone_beloe_suhoe_12_93dd8fa05c.webp,https://api.vino-svoe.ru/v1/img/str-api/1920/1920/resize/uploads/kuban_vino_shato_tamane_shardone_beloe_suhoe_12_93dd8fa05c.webp,2026-06-24T12:36:14.000Z,совпадает,полное соответствие,wines_images,,190,730,190x730,17.5,,
мелкое изображение (< 200 px),Флёр дю Сюд Руж де Тамань,Красное,Вино темно-красного цвета с гранатово-рубиновыми оттенками.,Кубань,"Красностоп Анапский, Рубин Голодриги","Вино привлекает округлым, бархатистым вкусом с фруктово-цветочными оттенками и мягким послевкусием.",Кубань-Вино,kuban-vino-flyor-dyu-syud-ruzh-de-tamane-rubin-golodrigi-krasnoe-suhoe-12,kuban-vino-flyor-dyu-syud-ruzh-de-tamane-rubin-golodrigi-krasnoe-suhoe-12.webp,https://vino-svoe.ru/wines/kuban-vino-flyor-dyu-syud-ruzh-de-tamane-rubin-golodrigi-krasnoe-suhoe-12,kuban-vino-flyor-dyu-syud-ruzh-de-tamane-rubin-golodrigi-krasnoe-suhoe-12.webp,да,kuban_vino_flyor_dyu_syud_ruzh_de_tamane_rubin_golodrigi_krasnoe_suhoe_12_c3a85b7901.webp,https://api.vino-svoe.ru/v1/img/str-api/1920/1920/resize/uploads/kuban_vino_flyor_dyu_syud_ruzh_de_tamane_rubin_golodrigi_krasnoe_suhoe_12_c3a85b7901.webp,2026-06-11T12:44:06.000Z,совпадает,полное соответствие,wines_images,,193,709,193x709,10.7,,
мелкое изображение (< 200 px),Шато Тамань Алиготе,Белое,Вино блестящего соломенного цвета.,Кубань,Алиготе,"Вкус вина свежий, понятный, сочный, гармоничный, легкий, со сбалансированной кислотностью и освежающим послевкусием.",Кубань-Вино,kuban-vino-shato-tamane-aligote-beloe-suhoe-13,kuban-vino-shato-tamane-aligote-beloe-suhoe-13.webp,https://vino-svoe.ru/wines/kuban-vino-shato-tamane-aligote-beloe-suhoe-13,kuban-vino-shato-tamane-aligote-beloe-suhoe-13.webp,да,kuban_vino_shato_tamane_aligote_beloe_suhoe_13_5af831fbbc.webp,https://api.vino-svoe.ru/v1/img/str-api/1920/1920/resize/uploads/kuban_vino_shato_tamane_aligote_beloe_suhoe_13_5af831fbbc.webp,2026-06-11T12:16:54.000Z,совпадает,полное соответствие,wines_images,,193,730,193x730,18.8,,
мелкое изображение (< 200 px),Флёр дю Сюд Розе де Тамань,Розовое,Вино светло-розового цвета с малиново-брусничными бликами.,Кубань,"Каберне Совиньон, Траминер Розовый","Вино демонстрирует мягкий, сбалансированный, гармоничный, свежий вкус с оттенками лесных ягод, цветов, цитрусовых фруктов и сливочной карамели, плавно переходящими в длительное послевкусие.",Кубань-Вино,kuban-vino-flyor-dyu-syud-roze-de-tamane-traminer-rozovyy-rozovoe-suhoe-125,kuban-vino-flyor-dyu-syud-roze-de-tamane-traminer-rozovyy-rozovoe-suhoe-125.webp,https://vino-svoe.ru/wines/kuban-vino-flyor-dyu-syud-roze-de-tamane-traminer-rozovyy-rozovoe-suhoe-125,kuban-vino-flyor-dyu-syud-roze-de-tamane-traminer-rozovyy-rozovoe-suhoe-125.webp,да,kuban_vino_flyor_dyu_syud_roze_de_tamane_traminer_rozovyy_rozovoe_suhoe_125_7be05745b7.webp,https://api.vino-svoe.ru/v1/img/str-api/1920/1920/resize/uploads/kuban_vino_flyor_dyu_syud_roze_de_tamane_traminer_rozovyy_rozovoe_suhoe_125_7be05745b7.webp,2026-06-11T12:45:15.000Z,совпадает,полное соответствие,wines_images,,194,713,194x713,13.9,,
мелкое изображение (< 200 px),Merlot,Красное,Рубиновый с фиолетовым отливом,Кубань,Мерло,"Сложный аромат вишни, тутовника, чернослива с пряными акцентами. Вкус полный, округлый, гармоничный, с бархатистой текстурой, мягкими танинами и долгим сухим послевкусием с орехово-кофейными и перечными тонами.
Великолепно к блюдам из мяса, дичи, сырам средней степени зрелости, блюдам с трюфелями.",Усадьба Дивноморское,usadba-divnomorskoe-merlot-merlo-krasnoe-suhoe-149,usadba-divnomorskoe-merlot-merlo-krasnoe-suhoe-149.webp,https://vino-svoe.ru/wines/usadba-divnomorskoe-merlot-merlo-krasnoe-suhoe-149,usadba-divnomorskoe-merlot-merlo-krasnoe-suhoe-149.webp,да,usadba_divnomorskoe_merlot_merlo_krasnoe_suhoe_149_06c6e6e8aa.webp,https://api.vino-svoe.ru/v1/img/str-api/1920/1920/resize/uploads/usadba_divnomorskoe_merlot_merlo_krasnoe_suhoe_149_06c6e6e8aa.webp,2026-06-03T23:49:01.000Z,совпадает,полное соответствие,wines_images,,195,703,195x703,8.9,,
мелкое изображение (< 200 px),Шато Тамань Резерв Красностоп,Красное,Вино демонстрирует глубокий рубиновый цвет с гранатовыми бликами.,Кубань,Красностоп Анапский,"Вино обладает приятным, бархатистым вкусом с оттенками черной смородины, чернослива и пряностей, хорошо сбалансированной кислотностью и долгим послевкусием.",Кубань-Вино,kuban-vino-shato-tamane-rezerv-krasnostop-krasnostop-anapskiy-krasnoe-suhoe-135,kuban-vino-shato-tamane-rezerv-krasnostop-krasnostop-anapskiy-krasnoe-suhoe-135.webp,https://vino-svoe.ru/wines/kuban-vino-shato-tamane-rezerv-krasnostop-krasnostop-anapskiy-krasnoe-suhoe-135,kuban-vino-shato-tamane-rezerv-krasnostop-krasnostop-anapskiy-krasnoe-suhoe-135.webp,да,kuban_vino_shato_tamane_rezerv_krasnostop_krasnostop_anapskiy_krasnoe_suhoe_135_97bb10192f.webp,https://api.vino-svoe.ru/v1/img/str-api/1920/1920/resize/uploads/kuban_vino_shato_tamane_rezerv_krasnostop_krasnostop_anapskiy_krasnoe_suhoe_135_97bb10192f.webp,2026-06-24T12:37:51.000Z,совпадает,полное соответствие,wines_images,,195,730,195x730,11.0,,
мелкое изображение (< 200 px),Шато Тамань Резерв Премьер Руж,Красное,Вино темно-красного цвета с гранатовым отливом и рубиновыми искрами.,Кубань,"Каберне Совиньон, Мерло, Саперави","Вино обладает насыщенным, бархатистым вкусом с приятной терпкостью, сладкими гармоничными танинами и долгим послевкусием.",Кубань-Вино,kuban-vino-shato-tamane-rezerv-premer-ruzh-kaberne-sovinon-krasnoe-suhoe-13,kuban-vino-shato-tamane-rezerv-premer-ruzh-kaberne-sovinon-krasnoe-suhoe-13.webp,https://vino-svoe.ru/wines/kuban-vino-shato-tamane-rezerv-premer-ruzh-kaberne-sovinon-krasnoe-suhoe-13,kuban-vino-shato-tamane-rezerv-premer-ruzh-kaberne-sovinon-krasnoe-suhoe-13.webp,да,kuban_vino_shato_tamane_rezerv_premer_ruzh_kaberne_sovinon_krasnoe_suhoe_13_e883e5bf18.webp,https://api.vino-svoe.ru/v1/img/str-api/1920/1920/resize/uploads/kuban_vino_shato_tamane_rezerv_premer_ruzh_kaberne_sovinon_krasnoe_suhoe_13_e883e5bf18.webp,2026-06-24T12:37:20.000Z,совпадает,полное соответствие,wines_images,,195,730,195x730,13.0,,
мелкое изображение (< 200 px),Шато Тамань Ркацители-Мюллер Тургау-Шардоне 2025,Белое,Вино блестящего соломенно-желтого цвета.,Кубань,"Мюллер-Тургау, Ркацители, Шардоне","Вкус вина чистый, гармоничный, легкий, но при этом интенсивный, с бодрящей кислотностью и свежим послевкусием средней продолжительности.",Кубань-Вино,kuban-vino-shato-tamane-rkatsiteli-myuller-turgau-shardone-2025-beloe-suhoe-12,kuban-vino-shato-tamane-rkatsiteli-myuller-turgau-shardone-2025-beloe-suhoe-12.webp,https://vino-svoe.ru/wines/kuban-vino-shato-tamane-rkatsiteli-myuller-turgau-shardone-2025-beloe-suhoe-12,kuban-vino-shato-tamane-rkatsiteli-myuller-turgau-shardone-2025-beloe-suhoe-12.webp,да,kuban_vino_shato_tamane_rkatsiteli_myuller_turgau_shardone_2025_beloe_suhoe_12_a4e548cd8e.webp,https://api.vino-svoe.ru/v1/img/str-api/1920/1920/resize/uploads/kuban_vino_shato_tamane_rkatsiteli_myuller_turgau_shardone_2025_beloe_suhoe_12_a4e548cd8e.webp,2026-06-11T12:35:48.000Z,совпадает,полное соответствие,wines_images,,195,740,195x740,19.0,,
мелкое изображение (< 200 px); дубль изображения,Мерло,Красное,Светло-рубиновый красный,Кубань,Мерло,"Аромат: раскрываются тона свежей вишни и красных фруктов, зеленого болгарского перца с оттенками какао. 

Вкус: среднетелое и с приятной свежей кислотностью, молодыми танинами во вкусе, с оттенками черешни, шелковицы, кизила и терна в послевкусии.",Mantra Estate,merlo-1,мерло.webp,https://vino-svoe.ru/wines/merlo-1,merlo-1.webp,да,merlo_89592556f7.webp,https://api.vino-svoe.ru/v1/img/str-api/1920/1920/resize/uploads/merlo_89592556f7.webp,2026-07-13T20:51:54.000Z,транслитерация,полное соответствие,wines_images,,196,604,196x604,9.4,одно имя фото в базе,merlo
мелкое изображение (< 200 px),Природно Полусладкое белое,Белое,Золотисто-соломенный,Крым,Рислинг,"Вкус: Груша, айва, дыня, бархатистая кислотность. Ноты дыни, меда, полевых цветов.",ESSE,esse-prirodno-polusladkoe-beloe-risling-125,esse-prirodno-polusladkoe-beloe-risling-beloe-polusladkoe-125.webp,https://vino-svoe.ru/wines/esse-prirodno-polusladkoe-beloe-risling-125,esse-prirodno-polusladkoe-beloe-risling-125.webp,да,esse_prirodno_polusladkoe_beloe_risling_beloe_polusladkoe_125_727390d43b.webp,https://api.vino-svoe.ru/v1/img/str-api/1920/1920/resize/uploads/esse_prirodno_polusladkoe_beloe_risling_beloe_polusladkoe_125_727390d43b.webp,2026-01-12T11:46:07.000Z,совпадает,полное соответствие,svoe-vino-images,147x750,196,1000,196x1000,18.5,,
мелкое изображение (< 200 px),Природно Полусладкое красное,Красное,Насыщенный рубиновый,Крым,Мерло,"Вкус: Яркий, ягодный. С плавной кислотностью и оттенками черного шоколада. Спелый кизил, вишня, смородиновый джем.",ESSE,esse-prirodno-polusladkoe-krasnoe-merlo-13,esse-prirodno-polusladkoe-krasnoe-merlo-krasnoe-polusladkoe-13.webp,https://vino-svoe.ru/wines/esse-prirodno-polusladkoe-krasnoe-merlo-13,esse-prirodno-polusladkoe-krasnoe-merlo-13.webp,да,esse_prirodno_polusladkoe_krasnoe_merlo_krasnoe_polusladkoe_13_df0166b111.webp,https://api.vino-svoe.ru/v1/img/str-api/1920/1920/resize/uploads/esse_prirodno_polusladkoe_krasnoe_merlo_krasnoe_polusladkoe_13_df0166b111.webp,2026-01-12T11:46:07.000Z,совпадает,полное соответствие,svoe-vino-images,147x750,196,1000,196x1000,19.1,,
мелкое изображение (< 200 px),Шато Тамань Резерв Каберне Лимитед Эдишн 2015,Красное,Насыщенный красно-гранатовый цвет.,Кубань,Каберне Совиньон,"Насыщенный, округлый, мягкий и хорошо сбалансированный вкус с бархатистыми танинами, нотами черной смородины, ежевики и чернослива, выразительной кислотностью и длительным послевкусием с оттенками специй.",Кубань-Вино,kuban-vino-shato-tamane-rezerv-kaberne-limited-edishn-2015-kaberne-sovinon-krasnoe-suhoe-13,kuban-vino-shato-tamane-rezerv-kaberne-limited-edishn-2015-kaberne-sovinon-krasnoe-suhoe-13.webp,https://vino-svoe.ru/wines/kuban-vino-shato-tamane-rezerv-kaberne-limited-edishn-2015-kaberne-sovinon-krasnoe-suhoe-13,kuban-vino-shato-tamane-rezerv-kaberne-limited-edishn-2015-kaberne-sovinon-krasnoe-suhoe-13.webp,да,kuban_vino_shato_tamane_rezerv_kaberne_limited_edishn_2015_kaberne_sovinon_krasnoe_suhoe_13_ba74d4f88e.webp,https://api.vino-svoe.ru/v1/img/str-api/1920/1920/resize/uploads/kuban_vino_shato_tamane_rezerv_kaberne_limited_edishn_2015_kaberne_sovinon_krasnoe_suhoe_13_ba74d4f88e.webp,2026-06-11T12:36:39.000Z,совпадает,полное соответствие,wines_images,,196,750,196x750,10.5,,
мелкое изображение (< 200 px),Шато Тамань Руж 2023,Красное,Вино глубокого красного цвета с благородными рубиновыми бликами.,Кубань,"Саперави, Цвайгельт","Вино обладает округлым и насыщенным вкусом, в котором тона чернослива и вяленой вишни гармонично сочетаются с мягкими танинами и фруктовой кислотностью, создавая сбалансированное и приятное послевкусие.",Кубань-Вино,kuban-vino-shato-tamane-ruzh-2023-tsvaygelt-krasnoe-suhoe-12,kuban-vino-shato-tamane-ruzh-2023-tsvaygelt-krasnoe-suhoe-12.webp,https://vino-svoe.ru/wines/kuban-vino-shato-tamane-ruzh-2023-tsvaygelt-krasnoe-suhoe-12,kuban-vino-shato-tamane-ruzh-2023-tsvaygelt-krasnoe-suhoe-12.webp,да,kuban_vino_shato_tamane_ruzh_2023_tsvaygelt_krasnoe_suhoe_12_39edda6f34.webp,https://api.vino-svoe.ru/v1/img/str-api/1920/1920/resize/uploads/kuban_vino_shato_tamane_ruzh_2023_tsvaygelt_krasnoe_suhoe_12_39edda6f34.webp,2026-06-11T12:33:06.000Z,совпадает,полное соответствие,wines_images,,196,750,196x750,14.4,,
мелкое изображение (< 200 px),Высокий Берег Мюллер-Тургау,Белое,Вино плотного желтого цвета с зеленоватым оттенком.,Кубань,Мюллер-Тургау,"Яркая кислотность является довольно неожиданной в мягком вкусе вина. Его букет пронизан оттенками яблока, абрикоса, ананаса и эстрагона, которые находятся в окружении тонких минеральных намеков.",Кубань-Вино,kuban-vino-vysokiy-bereg-myuller-turgau-beloe-suhoe-13,kuban-vino-vysokiy-bereg-myuller-turgau-beloe-suhoe-13.webp,https://vino-svoe.ru/wines/kuban-vino-vysokiy-bereg-myuller-turgau-beloe-suhoe-13,kuban-vino-vysokiy-bereg-myuller-turgau-beloe-suhoe-13.webp,да,kuban_vino_vysokiy_bereg_myuller_turgau_beloe_suhoe_13_5cc1c08279.webp,https://api.vino-svoe.ru/v1/img/str-api/1920/1920/resize/uploads/kuban_vino_vysokiy_bereg_myuller_turgau_beloe_suhoe_13_5cc1c08279.webp,2026-06-05T09:42:22.000Z,совпадает,полное соответствие,wines_images,,197,730,197x730,16.7,,
мелкое изображение (< 200 px),Каберне де Тамань,Красное,Цвет вина колеблется от красно-рубинового до темно-гранатового.,Кубань,Каберне Совиньон,"Вино обладает богатым, насыщенным, свежим, чистым, гармоничным вкусом с характерными сортовыми оттенками.",Кубань-Вино,kuban-vino-kaberne-de-tamane-kaberne-sovinon-krasnoe-suhoe-125,kuban-vino-kaberne-de-tamane-kaberne-sovinon-krasnoe-suhoe-125.webp,https://vino-svoe.ru/wines/kuban-vino-kaberne-de-tamane-kaberne-sovinon-krasnoe-suhoe-125,kuban-vino-kaberne-de-tamane-kaberne-sovinon-krasnoe-suhoe-125.webp,да,kuban_vino_kaberne_de_tamane_kaberne_sovinon_krasnoe_suhoe_125_d65b4385ed.webp,https://api.vino-svoe.ru/v1/img/str-api/1920/1920/resize/uploads/kuban_vino_kaberne_de_tamane_kaberne_sovinon_krasnoe_suhoe_125_d65b4385ed.webp,2026-06-11T12:43:43.000Z,совпадает,полное соответствие,wines_images,,197,750,197x750,13.8,,
мелкое изображение (< 200 px),Шардоне Мысхако Гранд Резерв,Белое,Соломенно-золотистый,Кубань,Шардоне,"Вкус: Структурный, маслянистый, с хорошим долгим послевкусием. Цветы, цитрусы.",Мысхако,vinodelnya-myshako-shardone-myshako-grand-rezerv-beloe-suhoe-125,vinodelnya-myshako-shardone-myshako-grand-rezerv-beloe-suhoe-125.webp,https://vino-svoe.ru/wines/vinodelnya-myshako-shardone-myshako-grand-rezerv-beloe-suhoe-125,vinodelnya-myshako-shardone-myshako-grand-rezerv-beloe-suhoe-125.webp,да,vinodelnya_myshako_shardone_myshako_grand_rezerv_beloe_suhoe_125_00d560544c.webp,https://api.vino-svoe.ru/v1/img/str-api/1920/1920/resize/uploads/vinodelnya_myshako_shardone_myshako_grand_rezerv_beloe_suhoe_125_00d560544c.webp,2026-01-12T11:42:12.000Z,совпадает,полное соответствие,wines_images,,197,817,197x817,17.5,,
мелкое изображение (< 200 px),Шато Тамань Селект Руж,Красное,Вино глубокого красного цвета с благородными рубиновыми отсветами.,Кубань,"Каберне Совиньон, Саперави","В сочном, округлом, насыщенном, свежем вкусе вина ощущаются оттенки чернослива и вяленой вишни. Хорошо структурированные, мягкие танины составляют гармоничное сочетание с фруктовой кислотностью.",Кубань-Вино,kuban-vino-shato-tamane-selekt-ruzh-saperavi-krasnoe-suhoe-125,kuban-vino-shato-tamane-selekt-ruzh-saperavi-krasnoe-suhoe-125.webp,https://vino-svoe.ru/wines/kuban-vino-shato-tamane-selekt-ruzh-saperavi-krasnoe-suhoe-125,kuban-vino-shato-tamane-selekt-ruzh-saperavi-krasnoe-suhoe-125.webp,да,kuban_vino_shato_tamane_selekt_ruzh_saperavi_krasnoe_suhoe_125_0e518aaf8c.webp,https://api.vino-svoe.ru/v1/img/str-api/1920/1920/resize/uploads/kuban_vino_shato_tamane_selekt_ruzh_saperavi_krasnoe_suhoe_125_0e518aaf8c.webp,2026-06-11T12:42:55.000Z,совпадает,полное соответствие,wines_images,,197,730,197x730,12.5,,
мелкое изображение (< 200 px),Мосавали Ркацители,Белое,У вина светло-золотистый цвет.,Кубань,Ркацители,"Вкус вина отличается мягкостью, питкостью, свежестью и деликатной фруктовой сладостью, выраженной ноткой спелых яблок и медовыми нюансами, сохраняющимися и в округлом послевкусии.",Союз-Вино,soyuz-vino-mosavali-rkatsiteli-beloe-polusladkoe-11,soyuz-vino-mosavali-rkatsiteli-beloe-polusladkoe-11.webp,https://vino-svoe.ru/wines/soyuz-vino-mosavali-rkatsiteli-beloe-polusladkoe-11,soyuz-vino-mosavali-rkatsiteli-beloe-polusladkoe-11.webp,да,soyuz_vino_mosavali_rkatsiteli_beloe_polusladkoe_11_cf350f08a2.webp,https://api.vino-svoe.ru/v1/img/str-api/1920/1920/resize/uploads/soyuz_vino_mosavali_rkatsiteli_beloe_polusladkoe_11_cf350f08a2.webp,2026-06-05T09:37:51.000Z,совпадает,полное соответствие,wines_images,,198,776,198x776,24.0,,
мелкое изображение (< 200 px),Шато Тамань Резерв Мерло Лимитед Эдишн 2018,Красное,Цвет вина варьируется от красного до рубиново-красного.,Кубань,Мерло,"Вкус вина мягкий, сложный, с округлыми сладкими танинами, бархатистой текстурой и продолжительным, приятным послевкусием.",Кубань-Вино,kuban-vino-shato-tamane-rezerv-merlo-limited-edishn-2018-krasnoe-suhoe-125,kuban-vino-shato-tamane-rezerv-merlo-limited-edishn-2018-krasnoe-suhoe-125.webp,https://vino-svoe.ru/wines/kuban-vino-shato-tamane-rezerv-merlo-limited-edishn-2018-krasnoe-suhoe-125,kuban-vino-shato-tamane-rezerv-merlo-limited-edishn-2018-krasnoe-suhoe-125.webp,да,kuban_vino_shato_tamane_rezerv_merlo_limited_edishn_2018_krasnoe_suhoe_125_ca32657ab3.webp,https://api.vino-svoe.ru/v1/img/str-api/1920/1920/resize/uploads/kuban_vino_shato_tamane_rezerv_merlo_limited_edishn_2018_krasnoe_suhoe_125_ca32657ab3.webp,2026-06-11T12:34:28.000Z,совпадает,полное соответствие,wines_images,,198,750,198x750,19.8,,
мелкое изображение (< 200 px),Шато Тамань Резерв Ред Бленд,Красное,У вина глубокий рубиново-гранатовый цвет.,Кубань,"Каберне Совиньон, Красностоп Анапский","Вино демонстрирует богатый, округлый, щедрый вкус с шелковистой текстурой, фруктово-пряными акцентами, хорошо интегрированными танинами и продолжительным послевкусием.",Кубань-Вино,kuban-vino-shato-tamane-rezerv-red-blend-kaberne-sovinon-krasnoe-suhoe-125,kuban-vino-shato-tamane-rezerv-red-blend-kaberne-sovinon-krasnoe-suhoe-125.webp,https://vino-svoe.ru/wines/kuban-vino-shato-tamane-rezerv-red-blend-kaberne-sovinon-krasnoe-suhoe-125,kuban-vino-shato-tamane-rezerv-red-blend-kaberne-sovinon-krasnoe-suhoe-125.webp,да,kuban_vino_shato_tamane_rezerv_red_blend_kaberne_sovinon_krasnoe_suhoe_125_6efe35b973.webp,https://api.vino-svoe.ru/v1/img/str-api/1920/1920/resize/uploads/kuban_vino_shato_tamane_rezerv_red_blend_kaberne_sovinon_krasnoe_suhoe_125_6efe35b973.webp,2026-06-11T12:37:11.000Z,совпадает,полное соответствие,wines_images,,198,750,198x750,19.3,,
мелкое изображение (< 200 px),Кубанское Традиционное Красное Сухое,Красное,Вино рубинового цвета с фиолетовым оттенком.,Кубань,Красные сорта винограда,"Гармоничный вкус вина обладает мягкой текстурой, округлой танинной структурой и притягательными нотами сливы.",Союз-Вино,soyuz-vino-kubanskoe-traditsionnoe-krasnoe-suhoe-krasnye-sorta-vinograda-11,soyuz-vino-kubanskoe-traditsionnoe-krasnoe-suhoe-krasnye-sorta-vinograda-11.webp,,soyuz-vino-kubanskoe-traditsionnoe-krasnoe-suhoe-krasnye-sorta-vinograda-11.webp,да,,,,,"фото есть, нет страницы на сайте",архив uploads (нет страницы на сайте),,198,584,198x584,18.7,,
